Francesco Nullo,Fabryczna
Bielany,Granica Miasta
Kozierów Skrzyżowanie,Gościniec
Wołowice III,Wołowice Sklep
Hektary,Wróżenice Górka
Węgrzynowice,Węgrzynowice Centrum
Wieliczka Cmentarz,Wieliczka
Kuźnicy Kołłątajowskiej,Belwederczyków
Lubocza Przychodnia,Lubocza Szkoła
Zbydniowice,Wrząsowice
Bibice,Węgrzce
Bociana,Górka Narodowa
Wielkie Drogi,Zelczyna Szkoła
Mogilany Cicha,Mogilany Ośrodek Zdrowia
Pytlasińskiego,Swoszowice Poczta
Słomiana,Kobierzyńska
Więckowice,Lipka
Słomniki Rynek,Słomniki Osiedle
Zabierzów Piekarnia,Zabierzów I
Wańkowicza,Makuszyńskiego
Miodowa,Starowiślna
Zabierzów Gimnazjum,Zabierzów PKP
Ojcowska Wągroda,Ojcowska Dworek
Nowohucka,M1  Nowohucka
Skrajna,Wyki
Skawina Sąd,Skawina Szkoła
Niepołomice Wielicka,Niepołomice Boryczów
Obrońców Modlina,Biskupińska
Sikorki,Na Załęczu
Wyciąże Wiadukt,Cło
Złocieniowa,Jasieńskiego
Polanowice Kolonia,Polanowice
Filharmonia,Jubilat
Konary Włosań,Włosań Kopań
Kulerzów,Kulerzów Wąwóz
Rondo Matecznego,Kamieńskiego
Os.Łokietka,Chabrowa
Dworzec Główny,Lubicz
Kamieńskiego,Makowa
Conrada,Rondo Ofiar Katynia
Kleeberga,Os. Mistrzejowice Nowe
Os.Oświecenia,Park Wodny
Grabie Polanka,Polanka Hallera Dwór
Łanowa,Motyla
Jaśkowice PKP,Jaśkowice
Górka Pychowicka,Rodzinna
Wyźrał Wielka Droga,Wyźrał I
Zelków Staw,Zelków Wola
Instytut Reumatologii,Cracovia Błonia
Sułkowskiego,Wola Duchacka
Michałowice Ośrodek Zdrowia,Michałowice II
Wola Batorska Kościół,Wola Batorska Cmentarz
Ochmanów Otaczarnia,Sułków
Uniwersytet Pedagogiczny,Miasteczko Studenckie AGH
Wlotowa,Prokocim Szpital
Wysyłek,Pielgrzymowice II
Sołtysowska,Centralna
Niepołomice Batorego,Niepołomice Rynek
Kończyce,Książniczki Boisko
Torfowa,Lubostroń
Katowicka,Ojcowska Dworek
Skawina Os. Radziszowskie,Skawina Radziszowska
Rondo Piastowskie,Kleeberga
Skawina Wojska Polskiego,Skawina Samborek Most
Batorego,Teatr Bagatela
Szpital Rydygiera,Dunikowskiego
Cło,Brzeska
Rusocice Jałowce,Rusocice II
Kuźnicy Kołłątajowskiej,Bociana
Bielańska,Stopień Wodny
Brzeska,Zakępie
Łagiewniki,Borsucza
Granica Miasta,Kryspinów
Wadów Os. Kolejowe,Wadów Glinik
Krakówka,Lusina Dolna
Praska,Zielińskiego
Morawica Cmentarz,Aleksandrowice
Piaski Nowe,Dauna
Krowodrza Górka,Krowoderskich Zuchów
Kosmowskiej,Zakamycze
Strzelnica,Sielanka
Ostafina,Hektary
Wadów Os. Kolejowe,Wadów
Branice Pagórek,Szymańskiego
Jeziorzany I,Jeziorzany
Czułów II,Czułów I
Kończyce,Raciborowice Centrum
Wróżenice,Droga do Czulic
Świątniki Skrzyżowanie,Piasna Górka 
Koksochemia,Meksyk
Piaski Wielkie,Niebieska Autostrada
Ofiar Dąbia,Stoczniowców
Radziszów Zadworze,Radziszów Włosanka
Czulice,Czulice I
Dymarek,Oczyszczalnia Ścieków  Kujawy 
Cracovia Stadion,Uniwersytet Jagielloński
Wróblowice Dom Kultury,Wróblowice Szkoła
Os.Piastów,Piasta Kołodzieja
Mała Góra,Nowy Bieżanów
Bosutów Dziekanowice,Bosutów Straż
Os.Zgody,Rondo Kocmyrzowskie
Gaik,Tonie
Raciborowice Centrum,Kończyce
Zagacie II,Zagacie I
Jaśkowice,Brzeźnica Kuźnia
Prusy WSR,Prusy Szkoła
Hallera,Przy Kuźni
Krzeszowice,Krzeszowice Witaminka
Węgrzynowicka,Wadów Działki
Cracovia,Jubilat
Rondo Hipokratesa,Szpital Rydygiera
Batowice,Cmentarz Batowice
Park  Skały Twardowskiego ,Pychowice
Kopce,Chorowice
Chałupki,Truskawkowa
Rzepakowa Świetlica,Rzepakowa
Mały Płaszów,Surzyckiego
Wyciąże II,Wyciąże Sklep
Krzyszkowice Modrzewiowa,Krzyszkowice Kasztanowa II
Pękowice,Tonie Kąty
Os.Na Lotnisku,DH Wanda
Glogera Granica Miasta,Piaszczysta
Gaj Zadziele,Mogilany Ośrodek Zdrowia
Wyźrał,Wyźrał Szkoła
Ratanice,Czernichów II
Bielańska,Skalna
Azory,Czerwieńskiego
Myślenicka,Bujaka
Narzymskiego,Pilotów
Ważewskiego,Libertów Dolny
Wola Radziszowska Podgaźle,Wola Radziszowska Lipki
Krasieniec Stary,Żerkowice Skrzyżowanie
Dąbrowa Szlachecka Krzyż,Rączna Osiedle
Wielicka,Bieżanów Cmentarz
Szparagowa,Ks. Targosza
Michałowice Las Michałowski,Wola Zachariaszowska Kresy
Jasnogórska,Ojcowska
Wybickiego,Bratysławska
Smardzowice,Smardzowice IV
Rybna Ośrodek Zdrowia,Rybna Granica
Złocieniowa,Bieżanów Granica Miasta
Jugowicka,Myślenicka
Kopiec Kościuszki,Aleja Waszyngtona
Wrobela,Przewóz
Kostrze Szkoła,Wały Wiślane
Radzikowskiego Osiedle,Conrada
Dąbrówki,Ochojno Kamieniec
Lubocza Trafo,Wadowska
Kruszwicka,Kleeberga
Buków Klin,Buków
Świdzińskiego,Ks.Łaczka
Skawina Szkoła,Skawina Sąd
Michałowice Banasiówka,Michałowice Kwiaty Polne
Trzecia Góra,Stara Cegielnia
Wolica,Wolica Las
Kobylany I,Kobylany Remiza
Kamieńskiego,Bieżanowska
Ślaskiego,Kostrze OSP
Os. Mistrzejowice Nowe,Łowińskiego
Skawina Piłsudskiego,Skawina Podbory
Świątniki Centrum,Świątniki Cmentarz
Piekary Pałac,Piekary Górne
Aleksandrowice,Aleksandrowice Osiedle
Cmentarz Batowice,Batowice
Isep,Zatyka
Sulechów,Prusy WSR
Zelków II,Zelków I
Politechnika,Nowy Kleparz
Urząd Marszałkowski,Łobzów PKP
Malczewskiego,Aleja Waszyngtona
Fort Mogiła,Kombinat
Darwina,Wańkowicza
Balice I,Balice Autostrada
Pilotów,Łukasiewicza
Krzyszkowice Kasztanowa II,Krzyszkowice Modrzewiowa
Rączna Kościół,Rączna Podlas
Przeginia Duchowna Bar,Przeginia Duchowna Centrum
Łososkowice Szkoła,Skrzeszowice
Agencja Kraków Wschód,Blokowa
Olszanica,Olszanica Ogródki Działkowe
Michałowice Lecznica,Michałowice II
Niepołomice Batorego II,Niepołomice Batorego
Kocmyrzów,Kocmyrzów Krzyżówka
Branice,Branice I
Sodfiny,Kocmyrzów I
Prokocim Szpital,Teligi
Rudawa,Rudawa Młyn
Bronowice,Balicka Wiadukt
Laskowiec,Warszówka
Chrosna Kapliczka,Chrosna Sklep
Witkowice,Os.Marszowiec
Bronowice Wiadukt,Zarzecze
Wysiołek Luborzycki I,Wysiołek Luborzycki Radwany
Łęczycka,Cedyńska
Skośna,Lubostroń
Dziekanowice Stacja Batowice,Bosutów Dziekanowice
Piekary,Piekary Pałac
Park  Skały Twardowskiego ,Os.Robotnicze
Lusina Górka,Konary I
Będkowice Kawiory,Będkowice Borynia
Łowińskiego,Petöfiego
Węgrzce Starostwo Powiatowe,Węgrzce
Zastów,Zastów Działki
Iwanowice,Krasieniec Zakupny
Wyciąże Wiadukt,Wyciąże I
Urzędnicza,Biprostal
Droga do Garliczki,Wola Zachariaszowska
Krzyszkowice Modrzewiowa,Krzyszkowice Różana
Bronowice,Wesele
Nowy Kleparz,Dworzec Towarowy
Węgrzce,Węgrzce Centrum Medyczne
Habina,Na Załęczu
Oczyszczalnia Ścieków  Kujawy ,Dymarek
Nowosądecka,Wola Duchacka
Rostworowskiego,Ruczaj
Skrajna,Jordanowska
Wola Luborzycka Działki,Wola Luborzycka
Os.Kościuszkowskie,DH Wanda
Miasteczko Studenckie AGH,Kawiory
Chrosna Kapliczka,Morawica Mostek
Januszowice,Korzkiew I
Wolica Kościół,Wolica Sklep
Radziszów Centrum,Radziszów Kamionna
Lasek Mogilski,Lesisko
Więcławice Stare,Masłomiąca I
Grzybów,Burów I
Bagienna,Podgórki Tynieckie
Grębałów,Gustawa Morcinka
Łobzów PKP,Mazowiecka
Krowoderskich Zuchów,Łokietka
Wola Radziszowska Centrum,Wola Radziszowska Podgaźle
Wolica II,Cło
Lusina Spacerowa,Lusina Dwór
Radwanowice II,Radwanowice Pętla
Mników Sklep,Czułów I
Skawina Nad Potokiem,Skawina Os. Radziszowskie
Opatkowice CPN,Opatkowice
Skawina Robotnicza,Skawina Energetyków
Witosa,Nowosądecka
Wolica Sklep,Wolica Kościół
Jordanowska,Chabrowa
Wysłouchów,Bojki
Miśnieńska,Os.Złotego Wieku
Chałupki,Chałupki I
Rączna Kapliczka,Rączna I
Wieliczka Cmentarz,Zabawa I
Rzeszotary Zalesie,Piasna Górka 
Niepołomice Kościuszki,Niepołomice Boryczów
Wiślicka,Os.Strusia
Borek Szlachecki II,Zelczyna I
Modlnica Skrzyżowanie,Modlniczka
Radziszów Podlesie,Radziszów Włosanka
Skawina Cmentarz Komunalny,Skawina Korabniki
Balice Szkoła,Balice Instytut
Krzeszowice Witaminka,Krzeszowice Szkoła
Grabie Kościół,Niepołomice Podgrabie
Kobylany Remiza,Kobylany
Soboniowice,Drużbackiej
Tonie Gliniki,Tonie Skrzyżowanie
Wola Radziszowska Centrum,Wola Radziszowska Chorzyny
Prądnik Czerwony,Strzelców
Brzozówka,Owczary I
Struga,Os.Zielone
Jerzmanowskiego,Wielicka
Łokietka,Makowskiego
Batalionu  Skała  AK,Makowskiego
Skawina Radziszowska,Skawina Centrum Wodne
Pasternik Cmentarz,Pasternik
Krasieniec Stary,Krasieniec Remiza
Instytut Pediatrii,Dom Spokojnej Starości
Wołowice Szkoła,Dąbrowa Szlachecka Krzemiennik
Wieczysta,Meissnera
Rząska Jednostka Wojskowa,Rząska UR
Szczyglice Most,Podkamycze
Zabierzów Młyn,Bolechowice I
Tischnera,Powstańców Wielkopolskich
Podstawie,Wyciąże II
Luborzyca,Luborzyca I
Michałowice Ujęcie Wody,Michałowice Las Michałowski
Borek Szlachecki I,Skawina Podbory
Borki,Borki I
Miasteczko Studenckie AGH,Cichy Kącik
Zatyka,Isep
Szyce II,Modlnica II
Fredry,Sucha
Balicka,Lindego
Rusocice Łęg,Rusocice Załęg
Murownia,Biały Kościół
Wielkie Drogi,Wielkie Drogi PKP
Jana Kazimierza,Jagiełły
Klimeckiego,Zabłocie
Kaczorówka,Os.Łokietka
Wańkowicza,Krasnowolskiego
Burów I,Burów
Tomaszowice I,Tomaszowice Wedonka
Włosań,Włosań Krzyżówka
Piasta Kołodzieja,Popielidów
Luborzyca,Wola Luborzycka Działki
Kostrze Szkoła,Fort Bodzów
Grottgera,Nowy Kleparz
Krzyszkowice Różana,Wielicka Granica Miasta
Skawina  Piłsudskiego,Skawina Podbory
Makowskiego,Batalionu  Skała  AK
Skawina Korabniki,Brzyczyna
Aleja 29 Listopada,Olszecka
Nowa Wieś,Nowa Wieś Kapliczka
Tuchowska,Bochenka
Dojazdów PKS,Dojazdów Działki
Truskawkowa,Kąkolowa
Suche Stawy,Klasztorna
Wieliczka Rynek,Wieliczka Kopalnia Soli
Winna Góra,Aleksandrowice Osiedle
Saska,Stoczniowców
Grabie Dom Kultury,Grabie Szczurów
Pasternik,Droga do Rząski
Łuczyce,Łuczyce Las
Bronowice Wielkie,Jasnogórska
Rzozów PKP,Radziszów Kładka
Warchałowskiego,Tretówka
Suchy Jar,Droga do Kujaw
Węgrzynowice Centrum,Barwna
Nowy Prokocim,Teligi
Kocmyrzowska,Teatr Ludowy
Modlniczka Mała,Rząska
Brzeźnica Pasieka,Brzeźnica Kuźnia
Radziszów Kamionna,Skawina Nad Potokiem
Luborzyca,Wysiołek Luborzycki
Modlniczka Trzcie,Brzezie Działki
Krzęcin Kapliczka,Krzęcin Szkoła
Podstawki,Opatkowice Krzyżówka
Nowy Kleparz,Plac Inwalidów
Meissnera,Wieczysta
Wyciąże,Szymańskiego
Lusina Szkoła,Lusina Spacerowa
Przeginia Duchowna,Rybna Granica
Radziszów Zacisze,Radziszów Kładka
Włosań Krzyżówka,Włosań
Olszecka,Majora
Konary,Konary I
Balice Autostrada,Balice Szkoła
Branice Na Dole,Branice Pagórek
Węgrzynowice Centrum,Węgrzynowice
Zielona,Bolechowice I
Królowej Jadwigi,Panieńskich Skał
Mogilany Ośrodek Zdrowia,Mogilany Wiadukt
Czułów,Sanka Skrzyżowanie
DH Wanda,Os.Na Lotnisku
Kabel,Sułkowskiego
Leroy Merlin,Modlniczka Trzcie
Wydział Biologii UJ,Bobrzyńskiego
Krzęcin Cmentarz,Krzęcin Sklep
Skawina Cmentarz,Skawina Rynek
Pasternik Cmentarz,Katowicka
Bardosa,Suche Stawy
Wola Zachariaszowska,Zakońce
Uniwersytet Jagielloński,Cracovia
Lindego,Bronowice Małe
Swoszowice Osiedle,Swoszowice Pawilon
Rzemieślnicza,Łagiewniki
Leszka Białego,Os.Na Stoku Szkoła
Na Załęczu,Na Załęczu Szkoła
Garlica Murowana,Podskale
Wieliczka CPN,Wielicka Granica Miasta
Błonia Kościelnickie,Janówka
Batowice I,Batowice Kapliczka
Wola Luborzycka Las,Wola Luborzycka
Cracovia Błonia,Cracovia
Dworzec Towarowy,Prądnicka
Niepołomice Kolejowa,Niepołomice Moczydło
Balice Szkoła,Balice OSP
Michałowice Ośrodek Zdrowia,Michałowice Ujęcie Wody
Korona,Plac Wolnica
Św. Wawrzyńca,Plac Bohaterów Getta
Politechnika,Dworzec Główny
Skawina Ajka,Skawina Cmentarz
Biały Kościół,Wielka Wieś
Taklińskiego,Sidzina Olszyny
Brzozówka Sklep,Przybysławice I
Zagrody,Lusina Dolna
Rzebika,Mały Płaszów
Przeginia Narodowa,Czernichów Bór
Meksyk,Brama nr 5
Jeżowa,Albatrosów
Cracovia,Uniwersytet Jagielloński
Chorowice,Kulerzów Wąwóz
Bulwarowa Ogródki Działkowe,Bulwarowa
Architektów,Os.Na Stoku
Prokocim,Wlotowa
Swoszowice Poczta,Pytlasińskiego
Politechnika,Uniwersytet Ekonomiczny
Raciborowice I,Raciborowice
Wrony,Baczyńskiego
Pędzichów,Basztowa LOT
Chałupki I,Chałupki
Droga do Branic,Zakład Przeróbki
Wiślicka,Bora-Komorowskiego
Biprostal,Kawiory
Uniwersytet Rolniczy,Opolska Estakada
Żyzna,Sidzina Olszyny
Ojcowska Dworek,Katowicka
Dożynkowa,Siewna
Mydlniki Granica Miasta,Mydlniki Stawy
Ratanice I,Ratanice
Leszka Białego,Jana Kazimierza
Borek Fałęcki,Góra Borkowska
Goszyce,Wola Luborzycka Las
Tonie Kąty,Pękowice
Nowa Wieś Kapliczka,Kaszów II
Brzozówka Sklep,Brzozówka
Cmentarz Rakowicki,Rakowicka
Przeginia Duchowna Bar,Przeginia Narodowa II
Wróblowice Rozwidlenie,Ukraina
Opatkowice Krzyżówka,Podstawki
Plac Inwalidów,Urzędnicza
Wołowice Sklep,Wołowice Kapliczka
Rączna Podlas,Rączna Dzikowiec
Wyźrał Szkoła,Wyźrał Wielka Droga
Resztówka,Zabłocie Kościelnickie
Os.Kalinowe,Kupały
Oleandry,Cracovia
Skawina Korabniki,Petrażyckiego
Michałowice II,Warszówka
Droga do Niegoszowic,Rudawa
Skawina  Piłsudskiego,Skawina  Elektrownia
Rondo Ofiar Katynia,Bronowice Wiadukt
Rondo Piastowskie,Os.Złotego Wieku
Zabierzów Piekarnia,Zabierzów Gimnazjum
Młynka,Pisary Skrzyżowanie
Radziszów Zacisze,Radziszów Podwale
Sieroszewskiego,Szpital Żeromskiego
Os.Podwawelskie,Most Grunwaldzki
Skawina Podbory,Skawina Piłsudskiego
Garliczka Chochół,Garlica Duchowna Rozjazd
Miechowity,Bora-Komorowskiego
Agatowa,Bieżanów Pomnik
Siewna Wiadukt,Clepardia
Pleszowska,Mackiewicza
Os.Na Lotnisku,Rondo Kocmyrzowskie
Różyckiego,Conrada
Świątniki I,Świątniki Cmentarz
Wieliczka Cmentarz,Wieliczka Kościół
Sodfiny Kolonia,Sodfiny
Nowy Kleparz,Grottgera
Żwirownia,Rzepakowa Świetlica
Aleja Róż,Plac Centralny
Czarnochowice I,Kokotów I
Szymańskiego,Zakład Przeróbki
Zelków Wola,Zelków Staw
Kopanka II,Kopanka Kapliczka
Rondo Czyżyńskie,Os.Kolorowe
Kuklińskiego,Klimeckiego
Pielgrzymowice II,Wysyłek
Gaj Zadziele,Mogilany Rynek
Tonie Skrzyżowanie,Gospodarska
Surzyckiego,Mały Płaszów
Michałowice Ogrodowa,Młodziejowice Park
Wola Radziszowska,Wola Radziszowska Chorzyny
Zabierzów,Skała Kmity
Popielidów,Piasta Kołodzieja
Surzyckiego,Obrońców Modlina
Pychowice,Rostworowskiego
Węgrzce Magiczne Wzgórze,Węgrzce Sudół
Wadów Osiedle,Wadów Szkoła
Szczecińska,Saska
Dworzec Towarowy,Politechnika
Os.Na Stoku Szkoła,Darwina
Wadowska,Lubocza Trafo
Zielonki Rozjazd,Trojanowice I
Wieliczka CPN,Wieliczka Kościół
Wolica Most,Niepołomice Kolejowa
Brzeska,Cło
Wieliczka Rynek,Wieliczka
Os.Oświecenia,Okulickiego
Rondo Barei,Miechowity
Grębynice I,Grębynice II
Brücknera,Skotniki
Zabierzów Sklep,Kraków Business Park
Sodfiny,Sodfiny Kolonia
Zielonki UG,Marszowiec
Żerkowice Kolonia,Żerkowice Skrzyżowanie
Bielańskie Skały,Wodociągi
Góra Borkowska,Borek Fałęcki
Rzozów Skotnica,Rzozów I
Leroy Merlin,Droga do Rząski
Komorowskiego,Cracovia Stadion
Malborska,Bieżanowska
Brzeźnica Kuźnia,Jaśkowice
Dworzec Główny Zachód,Dworzec Główny
Pisary Dwór,Pisary Kiosk
Wolica II,Wolica I
Włosań Kopań,Włosań Krzyżówka
Wola Batorska Mikoniowiec,Wola Batorska  Borek
Czerwieńskiego,Fiszera
Smolki,Rondo Matecznego
Przegorzały,Zaskale
Rzozów Zagonnie,Rzozów Skotnica
Krzęcin Sklep,Krzęcin Cmentarz
Tomaszowice I,Tomaszowice
Wiktorowice Granica,Wiktorowice Centrum
Kamieńskiego Wiadukt,Bonarka
Niepołomice Kościuszki,Niepołomice Rynek
Brama nr 5,Koksochemia
Węgrzce Centrum,Węgrzce
Niepołomice Jazy,Niepołomice Batorego II
Wesele,Bronowice
Zelków Wola,Bolechowice
Na Załęczu,Habina
Teatr Ludowy,Kocmyrzowska
Ważewskiego,Libertów
Na Krępaku,Przegorzały
Dojazdów PKS,Sulechów
Rączna II,Rączna Osiedle
Buków Szkoła,Kulerzów
Oczyszczalnia Ścieków  Kujawy ,Kujawy
Lasek Mogilski,Stare Wiślisko
Wielkie Drogi Ośrodek Zdrowia,Wielkie Drogi PKP
Praska,Rynek Dębnicki
Konary Włosań,Konary Sęk
Nowy Kleparz,Bratysławska
Rusocice I,Rusocice Skład
Cracovia Stadion,Cracovia
Wiślicka,Os.Dywizjonu 303
Kantorowice,Gustawa Morcinka
Tonie,Gaik
Krzęcin Szkoła,Krzęcin Kościół
Trojadyn,Trojadyn Trafo
Wiślicka,Okulickiego
Miechowity,Rondo Mogilskie
Elektrociepłownia Kraków,M1  Nowohucka
Lusina I,Lusina Dwór
Dąbrowa Szlachecka Krzemiennik,Wołowice Szkoła
Stojałowskiego,Os.Kurdwanów
Aleksandry,Nowy Bieżanów Południe
Obrońców Modlina,Zajezdnia Płaszów
Zielonki Skrzyżowanie,Zielonki UG
Czernichów Stacja Paliw,Wołowice Niwa
Cholerzyn,Budzyń I
Poronińska,Smoleńskiego I
Cmentarz Podgórski,Powstańców Wielkopolskich
Pachońskiego,Prądnik Biały Zachód
Nowohucka,M1 Al. Pokoju
Masłomiąca I,Masłomiąca
Korzkiew I,Korzkiew II
Rondo Młyńskie,Miechowity
Kopiec Wandy,Bardosa
Nowy Prokocim,Nowy Bieżanów Południe
M1  Nowohucka,Elektrociepłownia Kraków
Szpital Narutowicza,Lekarska
Skawina Zachodnia,Skawina Elektrownia
Brzeźnica Pasieka,Brzeźnica
Liszki UG,Liszki I
Trojanowice Strugi,Zielonki Rozjazd
Bujaka,Kurdwanów
Makuszyńskiego,Nad Dłubnią
Stare Wiślisko,Lasek Mogilski
Żerkowice Kolonia,Kozierów Skrzyżowanie
Kokotów II,Węgrzce Wielkie II
Zesławice Ogródki Działkowe,Kantorowice
Opolska Kładka,Opolska
Zaskale,Na Krępaku
Lusina I,Opatkowice Krzyżówka
Łęg,Siwka
Rondo Mogilskie,Miechowity
Wadów,Wadów Szkoła
Radwanowice Pętla,Radwanowice I
Wielkie Drogi PKP,Wielkie Drogi
Kampus UJ,Bunscha
Kamieńskiego,Rondo Matecznego
Ujazd Pętla,Brzezie Działki
Miechowity,Rondo Barei
Jasieńskiego,Złocieniowa
Skawina Cmentarz,Skawina Popiełuszki
Nielepice,Nielepice Stadnina
Rondo Czyżyńskie,Czyżyny Dworzec
Francesco Nullo,Kordylewskiego
Michałowice Las Michałowski,Michałowice Ujęcie Wody
Wołowice Kapliczka,Wołowice Sklep
Wrząsowice,Dąbrówki I
Rondo Kocmyrzowskie,Os.Zgody
Modlnica,Tomaszowice Wedonka
Barwna,Węgrzynowice Centrum
Kurdwanów Szkoła,Bojki
Hala Targowa,Starowiślna
Zielonki Rozjazd,Zielonki Transformator
Muzeum Inżynierii Miejskiej,Dajwór
Drużbackiej,Krzemieniecka
Balice III,Kraków Airport T1
Miodowa,Muzeum Inżynierii Miejskiej
Stradom,Wawel
Prądnik Czerwony,Rondo Barei
Majora,Sudolska
Krowodrza Górka,Krowodrza Urzędy Skarbowe
Sułków,Ochmanów Oknoplast
Most Grunwaldzki,Rynek Dębnicki
Zdrowa,Pleszowska
Przybysławice III,Przybysławice I
DH Wanda,Rondo Hipokratesa
Lubostroń,Torfowa
Wola Zabierzowska,Chobot
Lipka,Zielona Mała
Bronowice Wiadukt,Rondo Ofiar Katynia
Tomaszowice Wedonka,Modlnica
Prosta,Bieżanowska
Kostrze Kapliczka,Kolna
Tyniec,Bogucianka
Bieżanów Bazy,Agatowa
Zabierzów Młyn,Zielona Mała
Modlnica I Kolonia,Modlnica II
Rudawa Młyn,Młynka
Tretówka,Warchałowskiego
Krzysztoforzyce,Krzysztoforzyce Sklep 
Kocmyrzów,Luborzyca I
Herberta,Myślenicka
Petöfiego,Zajezdnia Bieńczyce
M1 Al. Pokoju,Nowohucka
Rondo Grzegórzeckie,Rondo Mogilskie
Radziszów Podlesie,Radziszów Leśniczówka
Jubilat,Filharmonia
Cholerzyn Sklep,Cholerzyn Skrzyżowanie
Stoczniowców,Ofiar Dąbia
Plac Inwalidów,Batorego
Tonie Skrzyżowanie,Tonie Gliniki
Libertów Szkoła,Libertów Działy
Imbramowska,Opolska Estakada
Zielona Mała,Zielona
Lubocza Szkoła,Lubocza Trafo
Czernichów GS,Czernichów
Pisary Kiosk,Pisary Dwór
Skawina Podbory,Borek Szlachecki I
Niedźwiedź PKP,Polanowice
Plac Inwalidów,Nowy Kleparz
Os. Mistrzejowice Nowe,Kupały
Wyźrał,Zagacie I
Poczta Główna,Wawel
Brzezie Narodowe,Brzezie Kulka
Powstańców Wielkopolskich,Kuklińskiego
Cracovia,AGH
Bulwarowa,Kombinat
Mrozowa,Kombinat
Wyciąże,Droga do Branic
Belwederczyków,Kuźnicy Kołłątajowskiej
Wróżenice Górka,Hektary
Wola Duchacka,Zajezdnia Wola Duchacka
Poczta Główna,Dworzec Główny
Grabie Dom Kultury,Grabie Kościół
Komorowskiego,Jubilat
Koszykarska,Stoczniowców
Zbydniowice Szkoła,Zbydniowice
Owczary Górna,Owczary Gajowa
Azory,Conrada
Zabierzów Sklep,Zabierzów Piekarnia
Zawiła,Las Borkowski
Libertów Krzyżówka,Droga do Sidziny
Rondo Grzegórzeckie,Klimeckiego
Konary Włosań,Mogilany Włosań
Skawina Korabniki,Skawina Cmentarz Komunalny
Fort Winnica,Winnicka
Rączna I,Rączna Kapliczka
Przeginia Narodowa II,Przeginia Duchowna Bar
Lusina Dolna,Zagrody
Wróżenice Górka,Wróżenice
Brzezinka Skrzyżowanie,Rudawa Bloki
Wiadukty,Elektromontaż
Niepołomice Poręby,Niepołomice Kątek
Ochojno Remiza,Ochojno Skrzyżowanie
Czułów,Czułów II
Elektrociepłownia Kraków,Koszykarska
Rondo Grunwaldzkie,Most Grunwaldzki
Cmentarz Rakowicki,Rondo Mogilskie
Sidzina Olszyny,Żyzna
Branice,Branice Ośrodek Zdrowia
Skawina Kopernika,Skawina Kopernika I
Michałowice Komora,Michałowice Banasiówka
Zagrody,Kraśnik
Blokowa,Mrozowa
Narwik,Os.Kliny
Korzkiew I,Januszowice
Bolechowice,Bolechowice II
Jeżowa,Garbarnia
Michałowice II,Michałowice Ośrodek Zdrowia
Niepołomice Boryczów,Niepołomice Kościuszki
Koksochemia,Nadbrzezie
Zawiszy,Narwik
Powstańców Wielkopolskich,Plac Bohaterów Getta
Saska,Lipska
Krzyszkowice Os. Szymanowskiego,Wieliczka CPN
Łagiewniki,Sanktuarium Bożego Miłosierdzia
Os.Zielone,Os.Górali
Os.Zielone,Żeromskiego
Wysiołek Luborzycki,Wysiołek Luborzycki I
Gołuchowice,Rzozów Szkoła
Most Grunwaldzki,Rondo Grunwaldzkie
Czernichów GS,Czernichów Stacja Paliw
Sławka,Kamieńskiego
Prokocim,Prokocim Szpital
Kostrze Szkoła,Kostrze OSP
Morawica Mostek,Chrosna Kapliczka
Świątniki Górne,Świątniki Skrzyżowanie
Balice II,Balice I
Darwina,Cmentarz Grębałów Zachód
Wielicka Granica Miasta,Krzyszkowice Modrzewiowa
Węgrzce,Bibice I
Żwirownia,Za Torami
Przeginia Narodowa II,Przeginia Narodowa
Wiadukty,Wańkowicza
Rudawa PKP,Rudawa Kościół
Kąpielowa,Opatkowice Wiadukt
Pielgrzymowice,Pielgrzymowice I
Siewna,Natansona
Modlnica,Modlnica Skrzyżowanie
Żwirownia,Świetlica
Clepardia,Siewna Wiadukt
Nowa Wieś Kapliczka,Nowa Wieś
Brzezinka,Brzezinka Skrzyżowanie
Balicka Wiadukt,Wesele
Aleja 29 Listopada,Majora
Ćwiklińskiej,Nowy Prokocim
Teatr Bagatela,Dworzec Główny
Niepołomice Podgrabie,Grabie Kościół
Bogucianka,Tyniec
Chełm,Raczkiewicza
Koszykarska,Elektrociepłownia Kraków
Łuczanowice Skrzyżowanie,Wadów Osiedle
Ojcowska,Ojcowska Wągroda
Zbydniowice Szkoła,Golkowice
Rusocice Jałowce,Rusocice I
Francesco Nullo,Ofiar Dąbia
Strzelnica,Lajkonika
Rzozów PKP,Rzozów Zagonnie
Krowodrza Górka,Bratysławska
Garbarnia,Jeżowa
Rączna I,Rączna Kościół
Skawina Cmentarz Komunalny,Skawina Kopernika I
Zabawa,Wieliczka Niepołomska
Soboniowice Granica Miasta,Grabówki
Conrada,Opolska
Zabierzów Piekarnia,Zabierzów Sklep
Borki I,Borki
Balice Grzybów,Burów I
Zbydniowice,Zbydniowice Szkoła
Radziszów PKP,Radziszów Zawodzie
Stara Wola,Sielanka
Będkowice Mosurowa,Bębło Lasek
Bieżanów Granica Miasta,Złocieniowa
Os.Dywizjonu 303,Wiślicka
Lekarska,Zdrowa
Cmentarz Batowice,Prądnik Czerwony
Rondo Młyńskie,Narzymskiego
Kantorowice,Zesławice Ogródki Działkowe
Skawina Centrum Wodne,Skawina Ajka
Zajezdnia Wola Duchacka,Puszkarska
Balice Grzybów,Balice Leśna
Rzeszotary,Rzeszotary Trafo
Wieliczka CPN,Krzyszkowice Os. Szymanowskiego
Pychowice,Rodzinna
Bora-Komorowskiego,Okulickiego
Grabie,Grabie Kuźnia
Słomiana,Ruczaj I
Owczary Długa,Owczary Gajowa
Skrzeszowice,Łososkowice Szkoła
Karpińskiego,Nowosądecka
Leśmiana,Raczkiewicza
Rondo Matecznego,Puszkarska
Owczary I,Brzozówka
Kujawy,Oczyszczalnia Ścieków  Kujawy 
Dymarek,Kujawy
Piasna Górka ,Świątniki Skrzyżowanie
Skawina Starostwo Powiatowe,Skawina 29 Listopada
Skawina Tyniecka,Skawina Wojska Polskiego
Ochojno Kamieniec,Dąbrówki
M1  Nowohucka,EC Łęg
Nad Dłubnią,Kocmyrzowska
Os.Zgody,DH Wanda
Rzepakowa,Świetlica
Uniwersytet Ekonomiczny,Rakowicka
Krzysztoforzyce Sklep ,Krzysztoforzyce przy Dworze
Dworcowa,Powstańców Wielkopolskich
Skawina Tyniecka,Skawina Tyniecka Osiedle
Aleksandrowice,Morawica Cmentarz
Rusocice I,Rusocice Jałowce
Wola Batorska Kościół,Wola Batorska Żwirownia
Czernichów II,Czernichów Bór
Zelczyna Szkoła,Wielkie Drogi
Radziszów Włosanka,Radziszów Podlesie
Pleszowska,Opolska Kładka
Garbarnia,Szparagowa
Bieżanów Cmentarz,Nowy Bieżanów
Biskupińska,Albatrosów
Rondo Grzegórzeckie,Kordylewskiego
Białoprądnicka,Piaszczysta
Modlniczka,Modlniczka I
Łagiewniki,Brożka
Czarnowiejska,Kawiory
Szpital Żeromskiego,Os.Na Skarpie
Pędzichów,Nowy Kleparz
Piekary,Piekary Sklep
Skawina Tyniecka Osiedle,Skawina Sąd
Dąbrowa Szlachecka,Dąbrowa Szlachecka Figurka
Rondo Kocmyrzowskie,Os.Na Lotnisku
Cło,Wolica II
Ruczaj I,Bułgarska
Kłokoczyn,Ratanice I
Strzelców,Rondo Barei
Prokocim Szpital,Prokocim
Pszona,Meissnera
Sucha,Fredry
Bacutil,Półłanki
Chełmska,Chełm
Bosutów Dziekanowice,Dziekanowice Stacja Batowice
Gaj Zadziele,Gaj Szkoła
Drożdżowa,Ślósarczyka
Aleksandry,Wielicka
Wysiołek Luborzycki Radwany,Marszowice Góry
Wrocławska,Nowy Kleparz
Libertów Szkoła,Libertów
Skawina Energetyków,Skawina Robotnicza
Węgrzce Starostwo Powiatowe,Trzecia Góra
Droga do Rząski,Rząska Jednostka Wojskowa
Rzepichy,Kosmowskiej
Wyciąże II,Podstawie
Zabierzów Piaski,Zabierzów Ośrodek Zdrowia
Pielgrzymowice I,Pielgrzymowice II
Nawojowa Góra I,Pisary Skrzyżowanie
Wołowice Niwa,Czernichów Stacja Paliw
Bieżanów Szkoła,Bieżanów Cmentarz
Smardzowice IV,Maszyce Skrzyżowanie
Witkowice Nowe,Dożynkowa
Batalionu  Skała  AK,Łokietka
Wróżenice,Os.Nowe
Piaski Wielkie,Przy Kuźni
Rączna Podlas,Rączna Kościół
Skawina Koncentraty,Rzozów Baseny
Olszanica Bory,Balice III
Podskale,Garlica Murowana
Aleja 29 Listopada,Opolska Estakada
Bobrzyńskiego,Kampus UJ
Szparagowa,Rybitwy Rozjazd
Wysiołek Luborzycki Radwany,Wysiołek Luborzycki I
Piekary II,Piekary I
Kościelniki,Resztówka
Bystronia,Łuczanowice
Piaszczysta,Glogera Granica Miasta
Przeginia Duchowna Szkoła,Przeginia Duchowna Centrum
Cholerzyn Sklep,Cholerzyn
Jordanowska,Skrajna
Mały Płaszów,Szczecińska
Rondo Mogilskie,Uniwersytet Ekonomiczny
Babińskiego,Kobierzyn
Filharmonia,Teatr Bagatela
Olszecka,Rondo Barei
AGH,Cracovia
Ratajów Skrzyżowanie,Słomniki Zagłoby
Miodowa,Św. Wawrzyńca
Wołowice Sklep,Wołowice III
Swoszowice,Fort Swoszowice
Cholerzyn,Cholerzyn Sklep
Kocmyrzowska,Wańkowicza
Wadów Szkoła,Wadów Osiedle
Radziszów Kamionna,Radziszów Centrum
Wola Radziszowska Łęg,Radziszów PKP
Rzozów Szkoła,Rzozów I
Las Borkowski,Borkowska
Trojadyn Skrzyżowanie,Giebułtów
Rondo Kocmyrzowskie,Teatr Ludowy
Wola Batorska Cmentarz,Wola Batorska Kościół
Półłanki,Bieżanów Bazy
Brzoskwinia Kamyk,Brzoskwinia
Myślenicka,Swoszowice Autostrada
Kapkazy,Łuczyce Las
Tyniecka Autostrada,Bolesława Śmiałego
Krzysztoforzyce Góra,Krzysztoforzyce przy Dworze
Karowa,Gwarecka
Krzesławice,Krasnowolskiego
Os.Strusia,Wiślicka
Niepołomice Kolejowa,Wolica Most
Łagiewniki,Sucha
Dożynkowa,Natansona
Zabierzów Bocheński Centrum,Wola Zabierzowska
Dauna,Piaski Nowe
Libertów,Gaj Szkoła
Wzgórza Krzesławickie,Cmentarz Grębałów Zachód
Struga,Bulwarowa
Wielkie Drogi PKP,Wielkie Drogi Ośrodek Zdrowia
Os.Piastów,Dunikowskiego
Kliny Zacisze,Borkowska
Balice I,Balice II
Bronowice Wielkie,Gaik
Podstawki,Opatkowice CPN
Piekary II,Piekary Sklep
Szpital Żeromskiego,Sieroszewskiego
Wola Batorska Cmentarz,Wola Batorska Borek
Bolesława Śmiałego,Tyniecka Autostrada
Halszki,Bujaka
Rzepichy,Chełmska
Morawica Krzyżówka,Morawica Cmentarz
Zabierzów Działki,Kraków Business Park
Sulechów,Dojazdów PKS
Modlniczka I,Modlniczka
Biskupa Prandoty,Opolska Estakada
Pilotów,Bora-Komorowskiego
Forteczna,Zawiszy
Wola Batorska  Cmentarz,Wola Batorska  Borek
Wola Zachariaszowska Kresy,Michałowice Las Michałowski
Młynka Pętla,Młynka I
Radziszów,Radziszów Stare Sanatorium
Urząd Marszałkowski,Wrocławska
Kopalina,Kasztanowa
Dąbrowa,Ślaskiego
Conrada,Różyckiego
Zaskale,Przegorzały
Azory,Różyckiego
Pilotów,Pszona
Kamieńskiego,Sławka
Walcownia,Agencja Kraków Wschód
Półłanki,Bacutil
Zabierzów Piaski,Zabierzów I
Branice Pagórek,Branice Na Dole
Krasieniec Remiza,Krasieniec
Rondo Czyżyńskie,Rondo Kocmyrzowskie
Tyniec Kamieniołom,Bogucianka
Opatkowice Wiadukt,Kąpielowa
Wrony,Warchałowskiego
Wyciąże,Janówka
Lipska,Gromadzka
Zajezdnia Nowa Huta,Elektromontaż
Cmentarz Grębałów Zachód,Wzgórza Krzesławickie
Michałowice III,Michałowice Lecznica
Libertów,Ważewskiego
Narzymskiego,Brodowicza
Młodziejowice Park,Młodziejowice Młyn
Rzeszotary Polanki,Rzeszotary Górne
Drużbackiej,Malinowskiego
Stojałowskiego,Halszki
Park Decjusza,Kasztanowa
Michałowice,Michałowice Ogrodowa
Burów,Kleszczów
Krzemieniecka,Barycz
Kopanka II,Kopanka
Św. Gertrudy,Wawel
Kasztanowa,Kopalina
Most Kotlarski,Krakowska Akademia
Owczary,Owczary I
Gołuchowice Jurczyce,Gołuchowice
Jubilat,Teatr Bagatela
Kaszów Tyrałówka,Kaszów Łysa Góra
Kolna,Kostrze Kapliczka
Wielkie Drogi Szkoła,Wielkie Drogi Ośrodek Zdrowia
Łososkowice Szkoła,Łososkowice
Niepołomice Pasternik,Niepołomice Podgrabie
Korzkiew II,Grębynice I
Gołuchowice Sklep,Polanka Hallera Dwór
Góra Borkowska,Judyma
Raczkiewicza,Chełm
Niepołomice Dworzec,Niepołomice Moczydło
Bora-Komorowskiego,Wiślicka
Bogucianka,Tyniec Kamieniołom
Liszki UG,Liszki Krzyżówka
Wiktorowice Granica,Pielgrzymowice
Ślósarczyka,Bieżanów Kaim
Maszyce Remiza,Maszyce II
Przy Kuźni,Piaski Wielkie
Bochenka,Łużycka
Opolska Estakada,Aleja 29 Listopada
Wiktorowice Centrum,Wiktorowice Granica
Torfowa,Zachodnia
Niedźwiedź PKP,Niedźwiedź Felix
Wola Batorska  Borek,Wola Batorska  Cmentarz
Węgrzce Wielkie II,Kokotów II
Skawina  Elektrownia,Skawina Zachodnia
Zachodnia,Torfowa
Marii Dąbrowskiej,Czyżyny Dworzec
Szparagowa,Garbarnia
Fort Mogiła,Kopiec Wandy
Kaszów II,Nowa Wieś Kapliczka
Słomniki Osiedle,Słomniki Rynek
Skawina Cmentarz,Skawina PKP
Kocmyrzów Krzyżówka,Kocmyrzów
Lubocza Bugaj,Cmentarz Grębałów
Zabierzów,Zabierzów Działki
Bieżanowska,Wlotowa
Kraków Plaza,Dąbie
Rusocice Skład,Rusocice Wieś
Sanka Skrzyżowanie,Rybna Nowy Świat
Wzgórza Krzesławickie,Grębałów
Isep,Wiklinowa
Fabryczna,Francesco Nullo
Park Jordana,Reymana
Zielonki Rozjazd,Podskale
Siewna,Dożynkowa
Zielińskiego,Os.Robotnicze
Bacutil,Garbarnia
Zesławice Ogródki Działkowe,Zesławice
Kobylany Remiza,Kobylany I
Cmentarz Rakowicki Zachód,Nowy Kleparz
Nowohucka,Lema
Prokocim Szpital,Wlotowa
Nowohucka,Centralna
Armii Krajowej,Przybyszewskiego
Rudawa Kościół,Rudawa Młyn
Bibice I,Bibice Pętla
Zastów Działki,Zastów
Rybna II,Rybna Nowy Świat
Dąbrowa Szlachecka Krzyż,Dąbrowa Szlachecka Figurka
Zdrojowa,Wilga
Skawina,Skawina Ajka
Niepołomice Jazy II,Niepołomice Jazy
Wileńska,Uniwersytet Rolniczy
Rybna Nowy Świat,Rybna II
DH Wanda,Os.Zgody
Złocień,Agatowa
Kamień Dół,Rusocice II
Klasztorna,Sieroszewskiego
Kabel,Dworcowa
Sucharskiego,Bieżanów Pomnik
Dąbie,Ofiar Dąbia
Kokotów II,Kokotów I
Balice I,Kraków Airport T2
Skawina Zachodnia,Skawina Koncentraty
Wiślicka,Os.Kalinowe
Kobierzyn,Komuny Paryskiej
Przewóz,Wrobela
Nowolipki,Łowińskiego
Libertów Dolny,Ważewskiego
Rybna II,Rybna I
Cmentarz Grębałów Zachód,Darwina
Modlniczka I,Modlniczka Poligon
Bieżanów Pomnik,Lipowskiego
Michałowice,Michałowice I
Wyki,Skrajna
Leśmiana,Olszanica Kapliczka
Wolica Kościół,Wolica Most
Skawina Sąd,Skawina Koncentraty
Węgrzce Sudół,Węgrzce Sudół I
Dymarek,Karowa I
Klimeckiego,Most Kotlarski
Malinowskiego,Geologów
Mackiewicza,Clepardia
Łuczyce Zjawienie,Łuczyce
Kraków Business Park,Zabierzów Sklep
Kryspinów Sanka,Kryspinów
Wola Batorska Mikoniowiec,Wola Batorska Borek
Opolska,Opolska Kładka
Bieżanów Cmentarz,Mała Góra
Garlica Duchowna Rozjazd,Garliczka Chochół
Góra Borkowska,Zawiła Cmentarz
Dojazdów Działki,Dojazdów PKS
Bogucianka,Janasówka
Karowa,Karowa I
Zdrowa,Lekarska
Sanktuarium Bożego Miłosierdzia,Solvay
Siewna Wiadukt,Bociana
Os.Zgody,Aleja Róż
Cmentarz Rakowicki,Narzymskiego
Podłęże Balachówka,Podłęże Straż
Słomczyńskiego,Kuźnicy Kołłątajowskiej
Kryspinów,Granica Miasta
Stoczniowców,Saska
Wielka Wieś,Biały Kościół
Skawina Ajka,Skawina Centrum Wodne
Cichy Kącik,Miasteczko Studenckie AGH
Wawel,Poczta Główna
Modlniczka Mała,Leroy Merlin
Makowskiego,Różyckiego
Olszanica Bory,Olszanica Ogródki Działkowe
Czulice I,Czulice
Kostrze Kapliczka,Wały Wiślane
Rączna II,Jeziorzany I
Skrzyżowanie do Podchruścia,Modlnica I Kolonia
Kombinat,Zajezdnia Nowa Huta
Niepołomice Kątek,Niepołomice Poręby
Elektromontaż,Darwina
Prusy,Gustawa Morcinka
Kolna,Tyniecka Autostrada
Żelazowskiego,Szczegów
Grota Roweckiego,Borsucza
Rondo Piastowskie,Dunikowskiego
Świątniki Górne,Świątniki Centrum
Wola Zachariaszowska Kresy,Górna Wieś
Elektromontaż,Os.Na Stoku Szkoła
Dajwór,Św. Wawrzyńca
Rzeszotary Panciawa,Droga do Janowic
Rondo Czyżyńskie,Centralna
Zabierzów Sklep,Zabierzów Działki
Rondo Piastowskie,Łęczycka
Zajezdnia Bieńczyce,Nad Dłubnią
Przybyszewskiego,Armii Krajowej
Piekary Górne,Piekary III
Modlnica II,Modlnica I Kolonia
Bosutów Dziekanowice,Węgrzce Sudół I
Bohomolca,Mistrzejowice
Żerkowice Skrzyżowanie,Żerkowice Kolonia
Nad Dłubnią,Makuszyńskiego
Krzyżówka,Zabłocie Kościelnickie
Drużbackiej,Soboniowice
Sołtysowska,M1  Nowohucka
Lusina Spacerowa,Lusina Szkoła
Marchołta,Os.Oświecenia
Brzeźnica,Brzeźnica Pasieka
Smolki,Korona
Łużycka,Bochenka
Prokocim UJ,Dom Spokojnej Starości
Przegon,Instytut Reumatologii
Konopnickiej,Most Grunwaldzki
Rząska,Rząska UR
Natansona,Słomczyńskiego
Zielona,Zabierzów PKP
Michałowice Koźlica,Michałowice I
Os.Na Lotnisku,Wiślicka
Czernichów,Czernichów GS
Rondo Matecznego,Smolki
Brama nr 5,Jeżynowa
Radziszów Włosanka,Radziszów Zadworze
Stella-Sawickiego,Nowohucka
Łuczyce Las,Łuczyce
Bojki,Wysłouchów
Węgrzce,Węgrzce Starostwo Powiatowe
Dworzec Główny Zachód,Teatr Bagatela
Skotniki,Baczyńskiego
Morawica Mostek,Morawica Krzyżówka
Babińskiego,Bunscha
Ratanice I,Kłokoczyn
Przylasek Wyciąski,Siejówka
Gołuchowice Jurczyce,Gołuchowice Sklep
Bieżanów Trafo,Prokocim Cmentarz
Biały Kościół,Murownia
Brzyczyna,Droga do Sidziny
Klasztorna,Os.Na Skarpie
Burów I,Grzybów
Owczary Gajowa,Owczary Długa
Chabrowa,Jordanowska
Kostrze,Bagienna
Ćwiklińskiej,Nowy Bieżanów
Skawina Popiełuszki,Skawina Korabnicka
Miechowity,Bosaków
Kawiory,Czarnowiejska
Dwór Czeczów,Lipowskiego
Węgrzynowice Dół,Barwna
Majora,Aleja 29 Listopada
Liszki I,Liszki UG
Kąkolowa,Chałupki Górne
Belwederczyków,Trzecia Góra
Złocieniowa,Sucharskiego
Gołuchowice,Gołuchowice Jurczyce
Las Borkowski,Zawiła Cmentarz
Zielińskiego,Kapelanka
Zelczyna Sklep,Zelczyna I
Kamieńskiego Wiadukt,Rondo Matecznego
Resztówka,Kościelniki
Łużycka,Piaski Wielkie
Błonia Kościelnickie,Krzyżówka
Miśnieńska,Łęczycka
Kłokoczyn,Rusocice Łęg
Kaszów,Kaszów Tyrałówka
Wiklinowa,Isep
Droga do Sidziny,Libertów Krzyżówka
Mała Wieś,Zabawa
Ruczaj I,Pychowice
Bębło Stara Wieś,Bębło Łabajowa
Zielonki Rozjazd,Trojanowice Strugi
Polanowice,Polanowice Kolonia
Dłubnia,Batowice Kapliczka
Lipka,Więckowice
Chrosna Studnia,Chrosna Sklep
Basztowa LOT,Dworzec Główny
Powstańców Garaże,Prądnik Czerwony
Miechowity,Rondo Młyńskie
Jaśkowice PKP,Wielkie Drogi Trzebol
Glogera,Zielonki Skrzyżowanie
Libertów Dolny,Opatkowice CPN
Na Krępaku,Bielańskie Skały
Ofiar Dąbia,Fabryczna
Radwanowice II,Dubie
Dąbrowa,Kostrze
Kulerzów Wąwóz,Chorowice
Niepołomice Rynek,Niepołomice Dworzec
Skawina Rzepnik,Skawina Rynek
Radziszów Kładka,Rzozów PKP
Kawiory,Miasteczko Studenckie AGH
Zabierzów Gimnazjum,Zabierzów Piekarnia
Brzezinka Zarzecze,Brzezinka
Ukraina,Wróblowice Rozwidlenie
Brzezie,Ujazd Pętla
Dobrzyczany,Lusina Górka
Korona,Limanowskiego
Brzoskwinia Sklep,Brzoskwinia Koziary
Poczta Główna,Plac Wszystkich Świętych
Grabie Polanka,Grabie Kuźnia
Różyckiego,Makowskiego
Głęboka,Karniów
Wyźrał I,Liszki Krzyżówka
Słomniki Zagłoby,Ratajów Skrzyżowanie
Kurdwanów,Bujaka
Bulwarowa Ogródki Działkowe,Os.Willowe
Rodzinna,Pychowice
Wodociągi,Bielańskie Skały
Przegon,Słonecznikowa
Warszówka,Michałowice II
Mydlniki,Mydlniki PKP
Opatkowice,Podgaje
Aleja Róż,Żeromskiego
Czułów II,Czułów
Piekary Sklep,Piekary
Marszowice,Marszowice I
Os.Robotnicze,Zielińskiego
Os.Nowe,Wróżenice
EC Łęg,Szafrańska
Wadów Szkoła,Wadów
Młynka I,Młynka Pętla
Bielany Klasztor,Bielany Szkoła
Azory,Łobzów PKP
Spadochroniarzy,Ugorek
Sułkowskiego,Malborska
Czyżyny,Stella-Sawickiego
Piekary Sklep,Piekary II
Opatkowice Zadworze,Smoleńskiego
Basztowa LOT,Pędzichów
Bratysławska,Prądnicka
Morawica Cmentarz,Brzoskwinia Koziary
Radwanowice Pętla,Radwanowice II
Igołomska,Szymańskiego
Zakępie,Wolica
Siewna Wiadukt,Górnickiego
Michałowice III,Michałówka
Skawina Rzepnik,Skawina Cmentarz
Białoprądnicka,Górnickiego
Rączna Kapliczka,Piekary III
Łokietka,Wybickiego
Św. Wawrzyńca,Miodowa
Krzęcin,Krzęcin Częsna
Krzysztoforzyce przy Dworze,Krzysztoforzyce Sklep 
Stoczniowców,Koszykarska
Skawina Podlipki,Skawina Rzepnik
Dłubnia,Raciborowice
Stara Cegielnia,Trzecia Góra
Dłubnia,Raciborowice Centrum
Olszanica,Olszanica Kapliczka
Landaua,Fort Swoszowice
Wielicka,Jerzmanowskiego
Fiszera,Radzikowskiego Osiedle
Winna Góra,Balice Szkoła
Cichy Kącik,Słonecznikowa
Modlniczka Mała,Zabierzów Działki
Wieliczka,Wieliczka Rynek
Baba Jaga,Stara Wola
Hala Targowa,Rondo Grzegórzeckie
Skawina Popiełuszki,Skawina 29 Listopada
Siewna Wiadukt,Siewna
Dom Spokojnej Starości,Prokocim UJ
Rusocice Załęg,Rusocice Łęg
Piekary I,Stopień Wodny
Cholerzyn Granica,Dziady
Skalna,Wodociągi
Wolica I,Wolica
Ks.Łaczka,Bieżanów Cmentarz
Wola Zachariaszowska,Droga do Garliczki
Ojcowska Dworek,Ojcowska Wągroda
Rybitwy Sklep,Rybitwy Dom Kultury
Narzymskiego,Rondo Mogilskie
Rusocice Łęg,Kłokoczyn
Nowosądecka,Witosa
Michałowice Kwiaty Polne,Michałowice Banasiówka
Rybna,Rybna Dół
Cholerzyn Skrzyżowanie,Cholerzyn Sklep
Starowiślna,Poczta Główna
Brogi,Bosaków
Biprostal,Mazowiecka
Rybna I,Rybna
Smoleńskiego,Opatkowice Zadworze
Uniwersytet Pedagogiczny,Biprostal
Zielona Mała,Lipka
Wrząsowice I,Wrząsowice II
Stella-Sawickiego,Czyżyny
AWF,Stella-Sawickiego
Zabłocie,Rondo Grzegórzeckie
Przybysławice I,Przybysławice III
Barbary,Bieżanów Szkoła
Mackiewicza,Zdrowa
Kryspinów Zalew,Olszanica Bory
EC Łęg,Elektrociepłownia Kraków
Zdrowa,Mackiewicza
Kryspinów,Kryspinów Zalew
Żwirownia,Ciekowiec
Os.Strusia,Os.Na Lotnisku
Lusina Dwór,Lusina Spacerowa
Rzepakowa,Rzepakowa Świetlica
Wyki,Prądnik Biały Zachód
Basztowa LOT,Teatr Bagatela
Dojazdów Działki,Kocmyrzów
Uniwersytet Ekonomiczny,Politechnika
Górna Wieś,Zakońce
Aleksandrowice Osiedle,Aleksandrowice
Os.Kliny,Kliny Zacisze
Niepołomice Dworzec,Niepołomice Rynek
Kaszów,Kaszów II
Tretówka,Sidzina
Bieżanów Drożdżownia PKP,Dwór Czeczów
Jubilat,Uniwersytet Jagielloński
Będkowice Borynia,Będkowice Kawiory
Dziady,Cholerzyn Granica
Stopień Wodny,Piekary I
Przybysławice II,Przybysławice III
Balice Leśna,Balice OSP
Laskowiec,Gościniec
Rybitwy Dom Kultury,Rybitwy Sklep
Rudawa Kościół,Rudawa Bloki
Prądnik Biały Zachód,Pachońskiego
Uniwersytet Ekonomiczny,Dworzec Główny Wschód
Rondo Grzegórzeckie,Zabłocie
Szwedzka,Rondo Grunwaldzkie
Rondo Grzegórzeckie,Hala Targowa
Rzeszotary,Rzeszotary Polanki
Konary Sęk,Konary Włosań
Podkamycze,Szczyglice Autostrada 
Raciborowice,Raciborowice I
Os.Kolorowe,Plac Centralny
Szczegów,Żelazowskiego
Niebieska Autostrada,Kosocice
Wola Radziszowska Podgaźle,Wola Radziszowska Centrum
Kostrze OSP,Fort Winnica
Wołowice Kapliczka,Wołowice
Przybyszewskiego,Zarzecze
Uniwersytet Ekonomiczny,Lubicz
Prokocim Szpital,Instytut Pediatrii
Głowackiego,Bronowice
Nowy Bieżanów Południe,Aleksandry
Prądnicka,Bratysławska
Kaszów Łysa Góra,Liszki Krzyżówka
Fort Bodzów,Górka Pychowicka
Limanowskiego,Powstańców Wielkopolskich
Powstańców Wielkopolskich,Tischnera
Politechnika,Dworzec Główny Wschód
Malczewskiego,Salwator
Os.Oświecenia,Marchołta
Skawina Elektrownia,Skawina Zachodnia
Nadbrzezie,Koksochemia
Stopień Wodny,Bielańska
Karniów,Głęboka
Skrzyżowanie do Podchruścia,Jasnogórska
Żeromskiego,Aleja Róż
Wrząsowice II,Wrząsowice I
Radwanowice I,Rudawa Kościół
Ugorek,Spadochroniarzy
Michałowice Banasiówka,Michałowice Komora
Olsza II,Lublańska
Suchy Jar,Gwarecka
Wielkie Drogi Szkoła,Wielkie Drogi Trzebol
Wola Batorska  Cmentarz,Wola Batorska  Kościół
Skotniki Szkoła,Winnicka
Kochanów,Kochanów I
Piekary Pałac,Piekary
Rzozów Skotnica,Rzozów Zagonnie
Pod Fortem,Kliny Zacisze
Kąpielowa,Judyma
Zabłocie Kościelnickie,Krzyżówka
Plac Bohaterów Getta,Korona
Dworzec Główny,Rondo Mogilskie
Trojanowice Strugi,Trojanowice
Natansona,Dożynkowa
Biprostal,Uniwersytet Pedagogiczny
Kaszów Tyrałówka,Kaszów
Brzezinka Skrzyżowanie,Brzezinka
Leśna,Balice OSP
Wadowska,Wadów
Ratanice,Ratanice I
Igołomska,Rzepakowa
Lajkonika,Tondosa
Darwina,Wiadukty
Bosutów Straż,Bosutów Dziekanowice
Poczta Główna,Św. Gertrudy
Skawina Rynek,Skawina Szkoła
Branice,Branice Szkoła
Cło,Wyciąże Wiadukt
Skawina Koncentraty,Skawina Sąd
Rynek Dębnicki,Praska
Kryspinów,Budzyń
Nowy Kleparz,Pędzichów
Smoleńskiego I,Smoleńskiego
Świątniki Skrzyżowanie,Świątniki Górne
Zakamycze,Kosmowskiej
Hektary,Ostafina
Most Grunwaldzki,Orzeszkowej
Kopanka Kapliczka,Kopanka II
Czułówek,Czułówek Kapliczka
Łokietka,Łobzów PKP
Rondo Kocmyrzowskie,Bieńczycka
Igołomska,Droga do Branic
DH Wanda,Os.Kościuszkowskie
Niebieska Autostrada,Piaski Wielkie
Włosań Krzyżówka,Włosań Kopań
Dąbie,Kraków Plaza
Fort Swoszowice,Swoszowice
Rostworowskiego,Ruczaj I
Gościniec,Laskowiec
Brożka,Borsucza
M1 Al. Pokoju,Lema
Skawina Nad Potokiem,Radziszów Kamionna
Akacjowa,Spadochroniarzy
Nawojowa Góra II,Nawojowa Góra I
Rondo Ofiar Katynia,Jasnogórska
Rondo Kocmyrzowskie,DH Wanda
Podstawie,Wyciąska
Słomniki Rynek,Słomniki Zagłoby
Gromadzka,Kuklińskiego
Kombinat,Kopiec Wandy
Bułgarska,Ruczaj I
Węgrzce Pętla,Węgrzce Błonie
Grottgera,Plac Inwalidów
Nielepice Stadnina,Brzoskwinia
Trojanowice,Trojanowice Strugi
Łobzów PKP,Stachiewicza
Brzezie Narodowe,Brzezie Działki
Tonie Skrzyżowanie,Na Budzyniu
Darwina,Cmentarz Grębałów
Rząska UR,Rząska Jednostka Wojskowa
Aleja Przyjaźni,Os.Zgody
Jeżynowa,Brama nr 4
Mogilany Cicha,Mogilany Wiadukt
Wały Wiślane,Kostrze Kapliczka
Buków Klin,Buków Szkoła
Bartnicza,Wolica Sklep
Kostrze OSP,Kostrze Szkoła
Wielicka Granica Miasta,Wieliczka CPN
Szczegów,Kosocice
Smoleńskiego,Opatkowice
Ofiar Dąbia,Dąbie
Skawina Elektrownia,Skawina Piłsudskiego
Skawina 29 Listopada,Skawina Cmentarz
Wróżenice,Wróżenice Górka
Słonecznikowa,Cichy Kącik
Centralna,Nowohucka
Fort Mogiła,Brama nr 4
Bobrzyńskiego,Wydział Biologii UJ
Marszowiec,Bibice Pętla
Wyźrał Wielka Droga,Wyźrał Szkoła
Czernichów,Czernichów II
Borek Fałęcki I,Borek Fałęcki
Plac Bohaterów Getta,Powstańców Wielkopolskich
Petöfiego,Jagiełły
Rondo Mogilskie,Lubicz
Poronińska,Opatkowice Zadworze
Wodociągi,Skalna
Ochojno Kamieniec,Ochojno Skrzyżowanie
Młodziejowice Młyn,Młodziejowice Park
Przylasek Rusiecki,Ciekowiec
Przegorzały,Glinnik
Pisary Mleczarnia,Pisary Kiosk
Oleandry,Park Jordana
Rudawa PKP,Droga do Niegoszowic
Skawina Podbory,Skawina  Piłsudskiego
AWF,Wieczysta
Bolesława Śmiałego,Tyniec
Wyciąże,Wyciąże Sklep
Droga do Kaszowa,Mników Sklep
Halszki,Myślenicka
Bronowice,Głowackiego
Wrząsowice Górka,Wrząsowice II
Janasówka,Podgórki Skawińskie
Plac Bohaterów Getta,Św. Wawrzyńca
Surzyckiego,Albatrosów
Głęboka,Sodfiny Kolonia
Trzecia Góra,Węgrzce Starostwo Powiatowe
Tondosa,Słonecznikowa
Bieżanowska,Prokocim Szpital
Słomiana,Kapelanka
Podkamycze,Szczyglice Most
Zakońce,Górna Wieś
Sikorki,Sołtysowska Osiedle
Chełm,Chełmska
Teatr Bagatela,Dworzec Główny Zachód
Batowice Kapliczka,Batowice I
Młynka I,Rudawa Młyn
Reymana,Park Jordana
Koksochemia,Droga do Kujaw
Biskupa Prandoty,Uniwersytet Rolniczy
Aleja Przyjaźni,Aleja Róż
Szwedzka,Most Grunwaldzki
Piekary Górne,Piekary Pałac
Os.Łokietka,Kaczorówka
Dworzec Główny Zachód,Politechnika
Młyn,Kombinat
Aleksandrowice Osiedle,Winna Góra
Droga do Kujaw,Koksochemia
Rondo Ofiar Katynia,Katowicka
Resztówka,Ostafina
Lubocza PKP,Lubocza Bugaj
Rzozów Baseny,Rzozów I
Most Grunwaldzki,Konopnickiej
Trojadyn Trafo,Trojadyn Szydło
Francesco Nullo,Rondo Grzegórzeckie
Bartnicza,Siejówka
Konary Sęk,Konary Buk
Krzysztoforzyce przy Dworze,Krzysztoforzyce Góra
Rząska Jednostka Wojskowa,Droga do Rząski
Branice Ośrodek Zdrowia,Chałupki Górne
Masłomiąca,Masłomiąca I
Gromadzka,Lipska
Kocmyrzów I,Sodfiny
Rusocice Wieś,Rusocice Skład
Garbarnia,Bacutil
Wola Batorska Borek,Wola Batorska Mikoniowiec
Brama nr 5,Meksyk
Pasternik,Pasternik Cmentarz
Kapkazy,Wysiołek Luborzycki
Bieżanów Cmentarz,Ks.Łaczka
Wawel,Stradom
Skawina Kopernika I,Skawina Kopernika
Most Grunwaldzki,Wawel
Truskawkowa,Chałupki
Skawina Koncentraty,Skawina Energetyków
Marszowice I,Polanowice Kolonia
Petöfiego,Nowolipki
Buków Szkoła,Buków Klin
Lubicz,Uniwersytet Ekonomiczny
Cechowa,Kurdwanów Szkoła
Mały Płaszów,Rzebika
Olsza II,Rondo Barei
Wieczysta,Ugorek
Kamieńskiego Wiadukt,Kamieńskiego
Agencja Kraków Wschód,Walcownia
Zelczyna Szkoła,Zelczyna Sklep
Zelków Staw,Zelków II
Wańkowicza,Wiadukty
Łagiewniki,Rzemieślnicza
Ochojno Skrzyżowanie,Rzeszotary Górne
Krowoderskich Zuchów,Krowodrza Górka
Sanktuarium Bożego Miłosierdzia,Łagiewniki
Elektromontaż,Wiadukty
Goszyce Remiza,Goszyce
Jubilat,Konopnickiej
Leśna,Grzybów
Wlotowa,Prokocim
Lusina Dwór,Lusina I
Bolechowice,Karniowice I
Szymańskiego,Igołomska
Fredry,Turowicza
Popielidów,Kruszwicka
Granica Miasta,Bielany
Będkowice Kawiory,Będkowice Mosurowa
Wiślicka,Łęczycka
Księcia Józefa,Malczewskiego
Meissnera,Pszona
Masłomiąca I,Więcławice Stare
Geologów,Malinowskiego
Kobylany,Kobylany Remiza
Opatkowice CPN,Libertów Dolny
Grabówki,Soboniowice Granica Miasta
Węgrzce Wielkie II,Węgrzce Wielkie III
Cracovia Błonia,Instytut Reumatologii
Bronowice Małe,Zarzecze
Bunscha,Babińskiego
Os.Kościuszkowskie,Marii Dąbrowskiej
Skawina Samborek Most,Podgórki Skawińskie
Borkowska,Las Borkowski
Modlniczka Poligon,Skrzyżowanie do Podchruścia
Bora-Komorowskiego,Miechowity
Więckowice,Kobylany
Jeziorzany,Jeziorzany I
Droga do Kujaw,Suchy Jar
Glinnik,Benedyktowicza
Kościelniki,Błonia Kościelnickie
Rączna Dzikowiec,Rączna Podlas
Architektów,Leszka Białego
Zielony Dół,Kopalina
Rzeszotary Szkoła,Świątniki Skrzyżowanie
Brzezie Działki,Brzezie Narodowe
Wadów Działki,Węgrzynowicka
Wyciąska,Podstawie
Malczewskiego,Zielińskiego
Książniczki Las,Książniczki Centrum
Korzkiew II,Korzkiew I
Sieroszewskiego,Klasztor Cystersów
Na Budzyniu,Tonie
Michałowice Koźlica,Masłomiąca
Przylasek Rusiecki,Za Torami
Barycz,Krzemieniecka
Marchołta,Bohomolca
Darwina,Wzgórza Krzesławickie
Stradom,Starowiślna
Kasztanowa,Park Decjusza
Kopiec Wandy,Fort Mogiła
Zajezdnia Wola Duchacka,Wola Duchacka
Most Grunwaldzki,Stradom
Chorowice,Kopce
Wyciąże,Wyciąże I
Wola Radziszowska Chorzyny,Wola Radziszowska
Węgrzynowicka,Węgrzynowice Dół
Piasta Kołodzieja,Kleeberga
Kobylany I,Brzezinka Zarzecze
Rudawa Młyn,Rudawa
Pielgrzymowice II,Pielgrzymowice I
Łobzów PKP,Radzikowskiego
Michałowice I,Michałowice Ośrodek Zdrowia
Skawina Centrum Wodne,Skawina Radziszowska
Zbydniowice,Wrząsowice I
Orkana,Os.Willowe
Smardzowice IV,Smardzowice
Podwierzbie,Wrobela
Wyciąże Sklep,Wyciąże
Kenara,Landaua
Wola Batorska Żwirownia,Wola Batorska Ruskie
Łobzów PKP,Łokietka
Lindego,UR Balicka
Brzezie Kulka,Brzezie Narodowe
Ojcowska Wągroda,Ojcowska
Grabie Polanka,Krzęcin Sklep
Michałki,Michałowice Kwiaty Polne
Aleja Róż,Os.Zgody
Zelków I,Zelków
Ks. Targosza,Przewóz
Cechowa,Piaski Wielkie
Brzezinka,Brzezinka Zarzecze
Most Grunwaldzki,Szwedzka
Przybysławice I,Brzozówka Sklep
Włosań Kopań,Konary Włosań
Kraków Plaza,Lema
Rondo Barei,Olsza II
Os.Złotego Wieku,Miśnieńska
Wróblowice Cmentarz,Wróblowice Dom Kultury
Stare Wiślisko,Klasztor Cystersów
Skawina Tyniecka Osiedle,Skawina Tyniecka
Owczary Gajowa,Owczary Górna
Wołowice Niwa,Wołowice III
Saska,Szczecińska
Szwedzka,Kapelanka
Rączna Kościół,Rączna I
Podkamycze,Mydlniki Granica Miasta
Soboniowice Granica Miasta,Pod Lipą
Dworcowa,Cmentarz Podgórski
Politechnika,Dworzec Główny Zachód
Czerwiakowskiego,Rżąka 
Opatkowice,Opatkowice CPN
Struga,Plac Centralny
Orzeszkowej,Stradom
Wrząsowice I,Zbydniowice
Ruczaj,Rostworowskiego
Pachońskiego,Prądnik Biały
Brzyczyna,Skawina Wyspiańskiego
Bratysławska,Szpital Narutowicza
Brzezinka Zarzecze,Kobylany I
Mała Wieś,Sułków
Sułkowskiego,Kabel
Forteczna,Borkowska
Kostrze,Dąbrowa
Niepołomice Podgrabie,Niepołomice Pasternik
Bolechowice II,Bolechowice
Swoszowice Autostrada,Myślenicka
Dworcowa,Bieżanowska
Rzeszotary Trafo,Rzeszotary Szkoła
Krasieniec Zakupny,Iwanowice
Wola Duchacka,Beskidzka
Os.Na Stoku Szkoła,Architektów
Zabierzów I,Zabierzów Piaski
Filharmonia,Plac Wszystkich Świętych
Będkowice Mosurowa,Będkowice Kawiory
Pleszowska,Białoprądnicka
Balice II,Kryspinów Zalew
Bibice,Michałowice Komora
Budzyń I,Cholerzyn
Tyniecka Autostrada,Kolna
Rondo Grzegórzeckie,Francesco Nullo
Liszki Krzyżówka,Wyźrał I
Plac Centralny,Os.Kolorowe
Agatowa,Złocień
Łutnia,Brzegi I
Cichy Kącik,Reymana
Węgrzce Sudół I,Węgrzce Sudół
Radziszów Stare Sanatorium,Radziszów Leśniczówka
Politechnika,Dworzec Główny Tunel
Niepołomice Wodna,Niepołomice Diesla
Modlnica I Kolonia,Skrzyżowanie do Podchruścia
Rybna,Rybna I
Krzęcin Kapliczka,Krzęcin Częsna
Lema,Nowohucka
Brzezie Działki,Modlniczka Trzcie
Białucha,Cystersów
Mydlniki Stawy,Mydlniki
Mogilany Wiadukt,Mogilany Ośrodek Zdrowia
Rynek Fałęcki,Solvay
Rzozów Baseny,Skawina Koncentraty
Skawina Korabnicka Szkoła,Skawina Cmentarz
Swoszowice Sklep,Zdrojowa
Makuszyńskiego,Wańkowicza
Przeginia Narodowa,Przeginia Narodowa II
Aleja Waszyngtona,Malczewskiego
Kamieńskiego,Bonarka
Fabryczna,Ofiar Dąbia
Bieżanów Szkoła,Barbary
Kokotów I,Kokotów II
Skośna,Kobierzyn
Dworzec Główny,Dworzec Główny Zachód
Garlica Duchowna,Garlica Murowana
Kaszów II,Kaszów
Babińskiego,Skotniki
Świątniki Cmentarz,Konary Buk
Nowosądecka,Piaski Nowe
Zelków,Zelków I
Radziszów Centrum,Radziszów Zadworze
Os.Zgody,Plac Centralny
Branice I,Branice
Piaski Wielkie,Łużycka
Rybitwy Dom Kultury,Rybitwy Rozjazd
Blokowa,Agencja Kraków Wschód
Plac Centralny,Struga
Michałówka,Gościniec
Krzyszkowice Kasztanowa I,Krzyszkowice Kasztanowa II
Trojadyn,Trojadyn Skrzyżowanie
Piekary III,Rączna Kapliczka
Dworzec Główny,Poczta Główna
Bronowice Wiadukt,Bronowice Małe
Kulerzów,Buków Szkoła
Opolska Estakada,Lublańska
Karowa I,Karowa
Cystersów,Białucha
Prądnik Biały Zachód,Wyki
Sielanka,Stara Wola
Trojanowice,Januszowice
Kleeberga,Kruszwicka
Nowy Bieżanów,Mała Góra
Rząska Autostrada,Modlniczka Mała
Rusocice II,Rusocice Jałowce
Goszyce Remiza,Skrzeszowice
Bębło Łabajowa,Bębło Stara Wieś
Kombinat,Młyn
Lipska,Saska
Pisary Kiosk,Pisary Mleczarnia
Krakowska Akademia,Rondo Grzegórzeckie
Lubostroń,Skośna
Łęczycka,Rondo Piastowskie
Cholerzyn Granica,Cholerzyn Skrzyżowanie
Modlnica II,Szyce II
Lubocza PKP,Elektromontaż
Droga do Garliczki,Garlica Duchowna
Kobierzyn,Skośna
Krasnowolskiego,Krzesławice
Sołtysowska Osiedle,Sołtysowska Zakłady
Chobot,Chobot Leśniczówka
Borkowska,Zawiła
Prądnik Czerwony,Powstańców Garaże
Lema,Kraków Plaza
Kupały,Os. Mistrzejowice Nowe
Zbydniowice,Ukraina
Makowa,Malborska
Grębynice I,Korzkiew II
Komuny Paryskiej,Skośna
Jeziorzany I,Rączna II
Wola Radziszowska Mała Ostra Góra,Wola Radziszowska Łęg
Droga do Kaszowa,Dziady
Cmentarz Rakowicki Zachód,Biskupa Prandoty
Wieliczka Kościół,Wieliczka CPN
Dworcowa,Kabel
Chrosna Sklep,Chrosna Kapliczka
Wyciąska,Wyciąże Sklep
Szczyglice,Skała Kmity
Skawina Rynek,Skawina Popiełuszki
Park Jordana,Oleandry
Powstańców Wielkopolskich,Dworcowa
Rondo Matecznego,Rzemieślnicza
Klasztor Cystersów,Stare Wiślisko
Borek Szlachecki II,Borek Szlachecki I
Książniczki Boisko,Kończyce
Nielepice Stadnina,Nielepice
Wolica Sklep,Bartnicza
Prokocim  Rynek,Prosta
Zajezdnia Płaszów,Obrońców Modlina
Bieżanów Cmentarz,Wielicka
Warchałowskiego,Wrony
Bieżanowska,Kamieńskiego
Koksochemia,Brama nr 5
Bosutów,Bosutów Straż
Bochenka,Nowosądecka
Rusocice Wieś,Rusocice Załęg
Czułów I,Mników Sklep
Skośna,Komuny Paryskiej
Beskidzka,Kurdwanów
Kraków Airport T1,Balice III
Wrząsowice,Zbydniowice
Niepołomice Wielicka,Staniątki Wiadukt
Pruszyńskiego,Weigla
Niepołomice Płaszowska I,Niepołomice Wodna
Myślenicka,Góra Borkowska
Zabierzów PKP,Zielona
Budzyń,Budzyń I
Teatr Bagatela,Filharmonia
Wyciąże Zachód,Wyciąże
Zabłocie Kościelnickie,Resztówka
Leroy Merlin,Modlniczka Mała
Plac Wszystkich Świętych,Poczta Główna
Wola Luborzycka,Wola Luborzycka Las
Trojadyn Trafo,Trojadyn
Niedźwiedź Felix,Niedźwiedź PKP
Węgrzce Wielkie III,Węgrzce Wielkie
Ciekowiec,Żwirownia
Os.Na Lotnisku,Dunikowskiego
Na Krępaku,Zaskale
Spadochroniarzy,Akacjowa
Kaszów Łysa Góra,Kaszów Tyrałówka
Zajezdnia Nowa Huta,Kombinat
Wola Batorska Żwirownia,Wola Batorska Kościół
Prusy Szkoła,Prusy
Burów,Burów I
Wieczysta,Białucha
Michałowice Ujęcie Wody,Michałowice Ośrodek Zdrowia
Morawica,Morawica Krzyżówka
Bieżanowska,Dauna
Nowa Wieś Jesionka,Przeginia Duchowna Szkoła
Bieżanów Kaim,Bieżanów Potrzask
Opatkowice Zadworze,Poronińska
Bieżanów Pomnik,Sucharskiego
Os.Górali,Os.Zielone
Zarzecze,Balicka Wiadukt
Orzeszkowej,Most Grunwaldzki
Kobierzyńska,Borsucza
Borsucza,Łagiewniki
Opatkowice Wiadukt,Opatkowice
Rudawa Bloki,Brzezinka Skrzyżowanie
Szczecińska,Łanowa
Os.Wandy,Os.Na Skarpie
Droga do Rząski,Leroy Merlin
Wydział Biologii UJ,Ruczaj
Balice OSP,Leśna
Liszki II,Borki I
Siwka,Łęg
Os.Kolorowe,Rondo Czyżyńskie
Kombinat,Bulwarowa
Wieliczka,Wieliczka Cmentarz
Szafrańska,Zatyka
Marii Dąbrowskiej,Medweckiego
Wielkie Drogi Ośrodek Zdrowia,Wielkie Drogi Szkoła
Pilotów,Narzymskiego
Masłomiąca,Michałowice Koźlica
Wieliczka Niepołomska,Wieliczka Cmentarz
Sidzina,Petrażyckiego
Os.Kurdwanów,Stojałowskiego
Wróżenicka,Wróżenice Górka
Nowy Bieżanów,Ćwiklińskiej
Owczary Górna,Garliczka Chochół
Prusy,Prusy Szkoła
Szczyglice Dom Kultury,Szczyglice Autostrada 
Marszowiec,Os.Marszowiec
Mydlniki PKP,UR Balicka
Zabierzów Bocheński Centrum,Wola Batorska Zamoglice
Czernichów Stacja Paliw,Czernichów GS
Radziszów Leśniczówka,Radziszów Podlesie
Podgaje,Opatkowice
Węgrzce Wielkie,Węgrzce Wielkie III
Wrocławska,Urząd Marszałkowski
Kocmyrzowska,Nad Dłubnią
Wieliczka Kopalnia Soli,Wieliczka Rynek
Siewna,Siewna Wiadukt
Węgrzce Błonie,Węgrzce Centrum
Krasieniec Remiza,Krasieniec Stary
Nowa Wieś Szlachecka,Nowa Wieś Jesionka
Nowa Wieś Kościół,Nowa Wieś Szlachecka
Mogilany Włosań,Konary Włosań
Staniątki Wiadukt,Podłęże Centrum
Węgrzce Błonie,Węgrzce Pętla
Rakowicka,Cmentarz Rakowicki
Rondo Matecznego,Os.Podwawelskie
Jeżowa,Rybitwy Sklep
Struga,Kombinat
Niepołomice Batorego II,Niepołomice Jazy
Malborska,Makowa
Bielany Szkoła,Bielany Klasztor
Lubocza Bugaj,Lubocza PKP
Os.Kliny,Forteczna
Zabłocie,Klimeckiego
Grębynice Mogiełki,Maszyce II
Pilotów,Akacjowa
Solvay,Sanktuarium Bożego Miłosierdzia
Przybysławice II,Januszowice
Bibice I,Węgrzce
Wolica,Wolica I
Miasteczko Studenckie AGH,Uniwersytet Pedagogiczny
Przykopy,Turowicza
Wola Radziszowska Mała Ostra Góra,Wola Radziszowska Most
Nowy Kleparz,Wrocławska
Siejówka,Bartnicza
Puszkarska,Zajezdnia Wola Duchacka
Kapelanka,Zielińskiego
Rączna II,Rączna I
Wola Batorska Ruskie,Wola Batorska Żwirownia
Biskupa Prandoty,Aleja 29 Listopada
Garlica Duchowna Rozjazd,Wola Zachariaszowska
Makowskiego,Krowoderskich Zuchów
Kryspinów Sanka,Liszki I
Modlnica Skrzyżowanie,Modlnica
Limanowskiego,Korona
Bieżanowska,Kabel
Kordylewskiego,Francesco Nullo
Batowice PKP,Batowice I
Cmentarz Podgórski,Dworcowa
Skawina 29 Listopada,Skawina Starostwo Powiatowe
Libertów,Opatkowice CPN
Wola Zachariaszowska,Garlica Duchowna Rozjazd
Plac Inwalidów,AGH
Lesisko,Odmętowa
Batowice PKP,Dziekanowice Stacja Batowice
Mydlniki Granica Miasta,Podkamycze
Elektromontaż,Wańkowicza
Kapelanka,Słomiana
Będkowice,Będkowice Borynia
Maszyce Skrzyżowanie,Maszyce Remiza
Lusina Granica,Lusina I
Przylasek Wyciąski,Drożyska
Konary Buk,Konary Sęk
Jeżynowa,Brama nr 5
Kraków Business Park,Zabierzów Działki
Budzyń,Kryspinów
Dworzec Płaszów,Dworcowa
Pisary,Dubie
Droga do Branic,Wyciąże
Ratajów Skrzyżowanie,Niedźwiedź Felix
Libertów,Libertów Szkoła
Podłęże Balachówka,Zakrzów
Niepołomice Kościuszki,Niepołomice Płaszowska I
Młodziejowice Młyn,Książniczki Las
Pisary Skrzyżowanie,Młynka
Zelków I,Zelków II
Gaik,Bronowice Wielkie
Przegorzały,Na Krępaku
Bieńczycka,Rondo Czyżyńskie
Fort Mogiła,Brama nr 5
Kamieńskiego,Kamieńskiego Wiadukt
Chałupki Górne,Kąkolowa
Czernichów GS,Zagacie II
Smoleńskiego,Smoleńskiego I
Podgórki Tynieckie,Bagienna
Bieżanów Cmentarz,Bieżanów Szkoła
Przybysławice III,Przybysławice II
Makowskiego,Azory
Jagiełły,Jana Kazimierza
Bieżanów Trafo,Bieżanów Szkoła
Łobzów PKP,Wybickiego
Mistrzejowice,Bohomolca
Motyla,Płaszów Szkoła
Os.Na Lotnisku,Os.Strusia
Chałupki I,Kąkolowa
Bębło Lasek,Bębło Łabajowa
Bałuckiego,Szwedzka
Wola Radziszowska Most,Wola Radziszowska Lipki
Plac Inwalidów,Czarnowiejska
Wesele,Balicka Wiadukt
Piekary I,Piekary II
Lusina Szkoła,Lusina Łany
Zdrojowa,Swoszowice Sklep
Nowy Bieżanów,Bieżanów Cmentarz
Kuźnicy Kołłątajowskiej,Słomczyńskiego
Michałówka,Michałowice III
Kryspinów,Kryspinów Sanka
Bora-Komorowskiego,Rondo Młyńskie
Zagacie II,Czernichów GS
Kabel,Bieżanowska
Liszki II,Liszki UG
Niepołomice Jazy,Niepołomice Jazy II
Grota Roweckiego,Ruczaj I
Droga do Rząski,Pasternik
Kleszczów,Burów
Łuczyce,Łuczyce PKP
Czernichów II,Czernichów
Rzozów I,Rzozów Skotnica
Kąkolowa,Droga do Pleszowa
Dobrzyczany,Kraśnik
Górka Pychowicka,Fort Bodzów
Skawina Ajka,Skawina
Górnickiego,Pleszowska
Kochanów I,Kochanów
Rudawa PKP,Rudawa Szkoła
Borek Fałęcki,Łagiewniki
Branice Ośrodek Zdrowia,Branice
Trojadyn Szydło,Trojadyn Trafo
Czyżyny Dworzec,Marii Dąbrowskiej
Zakrzów,Ochmanów Otaczarnia
Wołowice,Wołowice Szkoła
Fort Mogiła,Bardosa
Kujawy,Dymarek
Stella-Sawickiego,Os.Dywizjonu 303
Wielkie Drogi Trzebol,Jaśkowice PKP
Białucha,Wieczysta
Os.Jagiellońskie,Arka
Dunikowskiego,Rondo Hipokratesa
Kopalina,Zielony Dół
Łagiewniki,Borek Fałęcki
Conrada,Azory
Sołtysowska Osiedle,Sikorki
Rudawa,Rudawa PKP
Czulice I,Droga do Czulic
Teatr Ludowy,Żeromskiego
Beskidzka,Wola Duchacka
Ukraina,Zbydniowice
Żelazowskiego,Barycz
Dom Spokojnej Starości,Instytut Pediatrii
Starowiślna,Hala Targowa
Balice Autostrada,Szczyglice Most
Rakowicka,Uniwersytet Ekonomiczny
Wola Bat. Ruskie,Niepołomice Jazy II
Kombinat,Fort Mogiła
Szyce I,Szyce II
Podgórki Skawińskie,Skawina Samborek Most
Mogilany Cmentarz,Mogilany Rynek
Okulickiego,Os.Oświecenia
Podłęże Straż,Podłęże Centrum
Myślenicka,Poronińska
Rżąka ,Jerzmanowskiego
Instytut Pediatrii,Prokocim Szpital
Raczkiewicza,Leśmiana
Rybna Granica,Przeginia Duchowna
Teligi,Prokocim Szpital
Michałowice Ośrodek Zdrowia,Michałowice Lecznica
Białoprądnicka,Pleszowska
Batowice Kapliczka,Dłubnia
Olszanica Kapliczka,Leśmiana
Sanka Skrzyżowanie,Czułów
Kombinat,Struga
Czułówek,Przeginia Duchowna
Za Torami,Przylasek Rusiecki
Balice Autostrada,Szczyglice
Konopnickiej,Jubilat
Wyki,Krowoderskich Zuchów
Rybitwy Rozjazd,Szparagowa
Skała Kmity,Zabierzów
Wyki,Batalionu  Skała  AK
Budzyń I,Budzyń
Wieliczka Park,Wieliczka CPN
Brzoskwinia,Brzoskwinia Kamyk
Swoszowice Osiedle,Swoszowice Autostrada
Rybitwy Rozjazd,Rybitwy Dom Kultury
Rondo Mogilskie,Dworzec Główny Tunel
Wróblowice Szkoła,Wróblowice Rozwidlenie
Grębynice II,Grębynice I
Rzozów I,Rzozów Baseny
Szczyglice Most,Balice Autostrada
Skawina Cmentarz,Skawina Rzepnik
Balice Szkoła,Balice Autostrada
Majora,Olszecka
Skawina Wyspiańskiego,Skawina Korabniki
Łuczyce PKP,Łuczyce Zjawienie
Skawina Szkoła,Skawina Rynek
Niepołomice Rynek,Niepołomice Kościuszki
Rzeszotary Polanki,Rzeszotary
Michałki,Michałowice Las Michałowski
Suchy Jar,Nadbrzezie
Albatrosów,Biskupińska
Rynek Dębnicki,Bałuckiego
Wrząsowice III,Świątniki I
Zielony Dół,Chełm
Książniczki Las,Młodziejowice Młyn
Akacjowa,Rondo Młyńskie
Maszyce II,Maszyce Remiza
Michałowice I,Michałowice
Brama nr 4,Fort Mogiła
Dworzec Główny,Teatr Bagatela
Batorego,Plac Inwalidów
Książniczki Boisko,Książniczki Centrum
Geologów,Rajsko
Wadów Glinik,Wadów Os. Kolejowe
Skrzyżowanie do Podchruścia,Modlniczka Poligon
Bratysławska,Wybickiego
Grębałów,Wzgórza Krzesławickie
Lubocza Trafo,Lubocza Szkoła
Os.Nowe,Rozjazd
Jerzmanowskiego,Prokocim Szpital
Mackiewicza,Pleszowska
Os.Willowe,Struga
Komorowskiego,Salwator
Drożyska,Podstawie
Kocmyrzów,Dojazdów Działki
Prosta,Prokocim  Rynek
Konary Buk,Świątniki Cmentarz
Kurdwanów Szkoła,Cechowa
Glinnik,Przegorzały
Słonecznikowa,Hofmana
Wyźrał I,Wyźrał Wielka Droga
Winnicka,Skotniki Szkoła
Bolechowice II,Bolechowice I
Olszecka,Aleja 29 Listopada
Uniwersytet Jagielloński,Teatr Bagatela
Bojki,Kurdwanów Szkoła
Plac Centralny,Aleja Przyjaźni
Łowińskiego,Nowolipki
Niepołomice Jazy II,Wola Batorska Ruskie
Rondo Hipokratesa,Os.Jagiellońskie
Wolica,Zakępie
Brücknera,Skotniki Szkoła
Fort Swoszowice,Landaua
Os.Dywizjonu 303,Stella-Sawickiego
Wróblowice Szkoła,Wróblowice Dom Kultury
Dziekanowice Stacja Batowice,Batowice PKP
Uniwersytet Rolniczy,Brogi
Wańkowicza,Darwina
Bociana,Siewna Wiadukt
Ruczaj I,Grota Roweckiego
Ruczaj,Wydział Biologii UJ
Os.Kościuszkowskie,Os.Na Lotnisku
Dworzec Towarowy,Nowy Kleparz
Niedźwiedź Felix,Ratajów Skrzyżowanie
Bunscha,Kampus UJ
Rondo Czyżyńskie,Bieńczycka
Tyniec,Bolesława Śmiałego
Młyn,Krzesławice
Lubocza Szkoła,Lubocza Przychodnia
Bronowice Małe,Balicka
Gwarecka,Karowa
Mazowiecka,Biprostal
Stella-Sawickiego,AWF
Zagórzyce Stare,Zagórzyce Dworskie
Plac Centralny,Os.Na Skarpie
Wysyłek,Więcławice Stare
Kąkolowa,Chałupki I
Skawina Popiełuszki,Skawina Ajka
Wybickiego,Łokietka
Rozjazd,Os.Nowe
Skrzeszowice,Goszyce Remiza
Garlica Murowana,Garlica Duchowna
Os.Marszowiec,Marszowiec
Zielińskiego,Malczewskiego
Zabierzów PKP,Zabierzów Gimnazjum
Tonie Skrzyżowanie,Tonie Kąty
Podgaje,Taklińskiego
Salwator,Malczewskiego
Łososkowice,Łososkowice Szkoła
Radziszów Stare Sanatorium,Radziszów
Tonie Kąty,Tonie Skrzyżowanie
Skawina Piłsudskiego,Skawina Elektrownia
Bieżanów Potrzask,Pruszyńskiego
Ochojno Skrzyżowanie,Ochojno Kamieniec
Darwina,Os.Na Stoku Szkoła
Wola Radziszowska Lipki,Wola Radziszowska Podgaźle
Biprostal,Urzędnicza
Branice Na Dole,Branice Szkoła
Łęczycka,Wiślicka
Wyźrał Szkoła,Wyźrał
Brzegi I,Łutnia
Luborzyca I,Kocmyrzów
Czułów I,Czułów II
Rybna Dół,Rybna
Węgrzce Centrum Medyczne,Węgrzce Magiczne Wzgórze
Prądnicka,Dworzec Towarowy
Rondo Młyńskie,Rondo Barei
Balice III,Olszanica Bory
Powstańców,Powstańców Garaże
Glogera,Glogera Granica Miasta
Szczyglice,Szczyglice Dom Kultury
Krowodrza Górka,Zdrowa
Bronowice Małe,Bronowice Wiadukt
Kuźnicy Kołłątajowskiej,Stara Cegielnia
Dąbrowa Szlachecka Krzemiennik,Dąbrowa Szlachecka
Kocmyrzów Krzyżówka,Kocmyrzów I
Radziszów Kładka,Radziszów Zacisze
Łuczanowice,Krzysztoforzyce Góra
Libertów Dolny,Lusina Granica
Lusina Pętla,Lusina Łany
Zawiła Cmentarz,Las Borkowski
Opolska Kładka,Pleszowska
Powstańców Wielkopolskich,Limanowskiego
Klasztorna,Suche Stawy
Uniwersytet Pedagogiczny,Głowackiego
Bolechowice I,Bolechowice II
Wola Radziszowska Lipki,Wola Radziszowska Most
Hallera,Słona Woda
Ważewskiego,Opatkowice
Swoszowice Pawilon,Swoszowice Osiedle
Kosocice,Szczegów
Opolska Estakada,Imbramowska
Ojcowska,Bronowice Wielkie
Skotniki Szkoła,Brücknera
Niepołomice Diesla,Niepołomice Poręby
Solvay,Borek Fałęcki
Nad Dłubnią,Zajezdnia Bieńczyce
Skawina Podlipki,Wrony
Myślenicka,Jugowicka
Mogilany Cmentarz,Kopce
Klasztorna,Bulwarowa Ogródki Działkowe
Łuczanowice,Bystronia
Warszówka,Laskowiec
Powstańców Wielkopolskich,Cmentarz Podgórski
Nowohucka,Stella-Sawickiego
Wróżenice,Rozjazd
Liszki Krzyżówka,Liszki UG
Pleszów,Zakład Przeróbki
Niepołomice Moczydło,Niepołomice Kolejowa
Wrony,Skawina Podlipki
Stella-Sawickiego,Medweckiego
Czułówek Kapliczka,Czułówek
Jasnogórska,Skrzyżowanie do Podchruścia
Aleja Róż,Struga
Wrobela,Podwierzbie
Libertów Działy,Libertów Szkoła
Czarnowiejska,AGH
Centralna,Sołtysowska
Szafrańska,EC Łęg
Olszanica Kapliczka,Olszanica
Stachiewicza,Makowskiego
Liszki UG,Liszki II
Skotniki,Brücknera
Krasieniec,Krasieniec Zakupny
Szczyglice Autostrada ,Podkamycze
Rondo Młyńskie,Pilotów
Tonie,Na Budzyniu
Kawiory,Biprostal
Bulwarowa,Os.Willowe
Więcławice Stare,Sieborowice
Wadów Działki,Wadów Glinik
Opatkowice,Ważewskiego
Wolica Most,Wolica Las
Węgrzce,Bibice
Słomczyńskiego,Natansona
Wola Luborzycka Las,Goszyce
Chrosna Sklep,Chrosna Studnia
Stradom,Plac Wolnica
Łuczyce Las,Kapkazy
Wiktorowice Centrum,Wiktorowice Skrzyżowanie
Krzyszkowice Kasztanowa I,Krzyszkowice Kościół
Os.Na Skarpie,Szpital Żeromskiego
Lubocza Bugaj,Lubocza Przychodnia
Las Borkowski,Polana Żywiecka
Wybickiego,Łobzów PKP
Kulerzów Wąwóz,Kulerzów
Rzeszotary Zalesie,Droga do Janowic
Zelczyna I,Borek Szlachecki II
Krzęcin Częsna,Krzęcin
Petrażyckiego,Skawina Korabniki
Łowińskiego,Os. Mistrzejowice Nowe
Krzyszkowice Kasztanowa II,Krzyszkowice Kasztanowa I
Aleja 29 Listopada,Biskupa Prandoty
Borsucza,Kobierzyńska
Trojanowice Pętla,Trojanowice I
Krzęcin Cmentarz,Krzęcin Kościół
Prusy Szkoła,Prusy WSR
Teatr Bagatela,Uniwersytet Jagielloński
Rondo Hipokratesa,Dunikowskiego
Wadów,Wadów Os. Kolejowe
Basztowa LOT,Nowy Kleparz
Bronowice Wielkie,Ojcowska
Książniczki Centrum,Książniczki Las
Dąbrówki I,Wrząsowice
Baczyńskiego,Wrony
Nowy Prokocim,Ćwiklińskiej
Skotniki,Babińskiego
Wlotowa,Bieżanowska
Krzeszowice Szkoła,Krzeszowice
Marszowice Góry,Wysiołek Luborzycki Radwany
Balice II,Kraków Airport T2
Grabie Kościół,Grabie Dom Kultury
Mała Góra,Barbary
Zesławice,Zesławice Ogródki Działkowe
Zielonki Transformator,Zielonki UG
Pod Lipą,Soboniowice Granica Miasta
Opatkowice Krzyżówka,Lusina I
Wawel,Św. Gertrudy
Pachońskiego,Piaszczysta
Świątniki Centrum,Świątniki Górne
Góra Borkowska,Jugowicka
Przeginia Duchowna Centrum,Przeginia Duchowna Bar
Hofmana,Przegon
Grabie Szczurów,Brzegi III
Bujaka,Wysłouchów
Zagacie I,Zagacie II
Prokocim Szpital,Bieżanowska
Gołuchowice Sklep,Gołuchowice Jurczyce
Janasówka,Bogucianka
Wrząsowice Kowaleca,Wrząsowice III
Rondo Matecznego,Kamieńskiego Wiadukt
Górna Wieś,Wola Zachariaszowska Kresy
Jubilat,Komorowskiego
Batowice I,Batowice PKP
Kurdwanów,Witosa
Rzepakowa,Igołomska
Kraków Airport T2,Kraków Airport T1
Libertów Krzyżówka,Libertów Działy
Elektromontaż,Lubocza PKP
Kraśnik,Dobrzyczany
Krzeszowice Witaminka,Nawojowa Góra II
Chełmska,Rzepichy
Radziszów Podwale,Radziszów Zacisze
Darwina,Elektromontaż
Park Decjusza,Panieńskich Skał
Zielonki Skrzyżowanie,Glogera
Powstańców,Majora
Krzęcin Kościół,Krzęcin Kapliczka
Wola Luborzycka,Wola Luborzycka Działki
Skawina Kopernika I,Skawina Cmentarz Komunalny
Wróżenice,Hektary
Miasteczko Studenckie AGH,Czarnowiejska
Winnicka,Fort Winnica
Habina,Odmętowa
Zabłocie Kościelnickie,Kościelniki
Kosocice,Niebieska Autostrada
Mydlniki Stawy,Mydlniki Granica Miasta
Kleeberga,Piasta Kołodzieja
Bagienna,Kostrze
Pisary Dwór,Pisary
Balicka Wiadukt,Bronowice Wiadukt
Makowskiego,Łokietka
Elektromontaż,Zajezdnia Bieńczyce
Szczecińska,Rzebika
Os.Złotego Wieku,Rondo Piastowskie
Taklińskiego,Podgaje
Os.Jagiellońskie,Rondo Hipokratesa
Wola Batorska Zamoglice,Zabierzów Bocheński Centrum
Wola Batorska Mikoniowiec,Wola Batorska Zamoglice
Modlniczka Poligon,Modlniczka I
Bieżanów Pomnik,Agatowa
Modlniczka Trzcie,Modlniczka Mała
Karniowice I,Karniowice
Dworzec Główny Wschód,Uniwersytet Ekonomiczny
Strzelców,Prądnik Czerwony
Balice OSP,Balice Leśna
Piekary III,Piekary Górne
Benedyktowicza,Księcia Józefa
Na Załęczu,Wiklinowa
Prokocim  Rynek,Młodzieży
Batowice PKP,Batowice
Ćwiklińskiej,Nowy Bieżanów Południe
Morawica Cmentarz,Morawica Krzyżówka
Droga do Czulic,Czulice I
Droga do Pleszowa,Kąkolowa
Krzysztoforzyce Góra,Łuczanowice
Biskupa Prandoty,Cmentarz Rakowicki Zachód
Borek Fałęcki,Borek Fałęcki I
Michałowice Ośrodek Zdrowia,Michałowice I
Skawina Samborek Most,Skawina Wojska Polskiego
Bronowice Małe,Balicka Wiadukt
Cracovia Błonia,Uniwersytet Jagielloński
Dunikowskiego,Szpital Rydygiera
Bieżanów Drożdżownia PKP,Świdzińskiego
Libertów Działy,Libertów Krzyżówka
Brzoskwinia Koziary,Brzoskwinia Sklep
Niepołomice Batorego,Niepołomice Batorego II
Stoczniowców,Kuklińskiego
Solvay,Borek Fałęcki I
Wieliczka CPN,Jerzmanowskiego
Rondo Mogilskie,Narzymskiego
Łokietka,Batalionu  Skała  AK
Piasna Górka ,Rzeszotary Zalesie
Brzegi I,Brzegi III
Rybna Granica,Rybna Ośrodek Zdrowia
Rybna Dół,Rybna Ośrodek Zdrowia
Aleja Róż,Aleja Przyjaźni
Rondo Mogilskie,Cmentarz Rakowicki
Słomniki Zagłoby,Słomniki Rynek
Sołtysowska Zakłady,Sołtysowska Osiedle
Bielany Klasztor,Wodociągi
Wołowice Szkoła,Wołowice
Odmętowa,Habina
Skawina Korabnicka,Skawina Wyspiańskiego
Ujazd Pętla,Brzezie Kulka
Rączna Osiedle,Dąbrowa Szlachecka Krzyż
Zabierzów Działki,Modlniczka Mała
Bieńczycka,Rondo Kocmyrzowskie
Janówka,Wyciąże
Plac Wolnica,Stradom
Glogera Granica Miasta,Glogera
Słona Woda,Kosocicka
Świątniki Skrzyżowanie,Rzeszotary Szkoła
Teatr Bagatela,Cracovia
Góra Borkowska,Myślenicka
Karniowice I,Bolechowice
Borkowska,Forteczna
Pytlasińskiego,Chałubińskiego
Zelczyna I,Zelczyna Sklep
Gustawa Morcinka,Kantorowice
Trojanowice I,Zielonki Rozjazd
Bielany,Bielany Szkoła
Rybna Ośrodek Zdrowia,Rybna Dół
Krasieniec Zakupny,Krasieniec
Dauna,Bieżanowska
Zawiła,Borkowska
Narama,Kozierów Skrzyżowanie
Sławka,Zajezdnia Wola Duchacka
Borsucza,Brożka
Na Budzyniu,Tonie Skrzyżowanie
Zabierzów Młyn,Brzezie Kulka
Rondo Ofiar Katynia,Balicka Wiadukt
Węgrzce,Węgrzce Centrum
Os.Robotnicze,Park  Skały Twardowskiego 
Michałowice I,Michałowice Koźlica
Kochanów I,Zabierzów Ośrodek Zdrowia
Marii Dąbrowskiej,Os.Kościuszkowskie
Kraków Airport T1,Balice II
Skalna,Bielańska
Smoleńskiego I,Poronińska
Branice Pagórek,Droga do Branic
Rondo Barei,Park Wodny
Klasztorna,Os.Wandy
Kobylany,Więckowice
Kraków Airport T2,Balice I
Gościniec,Michałówka
Jagiełły,Petöfiego
Lesisko,Szparagowa
Rondo Kocmyrzowskie,Rondo Czyżyńskie
Dąbie,Lema
Skawina Starostwo Powiatowe,Skawina Kopernika
Tischnera,Łagiewniki
Karniowice,Karniowice I
Olszanica Ogródki Działkowe,Olszanica
Klasztorna,Bulwarowa
Skawina Radziszowska,Skawina Os. Radziszowskie
Pielgrzymowice,Wiktorowice Granica
Komuny Paryskiej,Kobierzyn
Wysiołek Luborzycki,Kapkazy
Rondo Młyńskie,Bora-Komorowskiego
Wilga,Kąpielowa
Borki I,Liszki II
Weigla,Dwór Czeczów
Arka,Os.Jagiellońskie
Wola Batorska Zamoglice,Wola Batorska Mikoniowiec
Wola Batorska Ruskie,Niepołomice Jazy II
Górnickiego,Siewna Wiadukt
Gościniec,Kozierów Skrzyżowanie
Bibice Pętla,Bibice I
Branice Szkoła,Branice Na Dole
Św. Gertrudy,Plac Wszystkich Świętych
Będkowice Borynia,Będkowice
Kuklińskiego,Gromadzka
Wola Batorska  Żwirownia,Wola Bat. Ruskie
Biskupa Prandoty,Dworzec Główny Wschód
Zielonki UG,Zielonki Skrzyżowanie
Kamień Dół,Kamień
Biskupińska,Obrońców Modlina
Dubie,Pisary
Architektów,Os.Na Stoku Szkoła
Sułków,Mała Wieś
Młodziejowice Park,Michałowice Ogrodowa
Grzybów,Leśna
Bębło Lasek,Będkowice Mosurowa
Piaski Wielkie,Cechowa
Rondo Grzegórzeckie,Most Kotlarski
Rudawa,Rudawa Kościół
Pleszowska,Zdrowa
Wola Batorska  Kościół,Wola Batorska  Cmentarz
Fort Winnica,Kostrze OSP
Polanowice,Niedźwiedź PKP
Kliny Zacisze,Pod Fortem
Przykopy,Kurdwanów
Mrozowa,Blokowa
Krasnowolskiego,Wańkowicza
Wola Batorska  Borek,Wola Batorska Mikoniowiec
Batowice,Batowice PKP
Krzęcin Sklep,Grabie Polanka
Rondo Mogilskie,Dworzec Główny
Cracovia Stadion,Cracovia Błonia
Zatyka,Szafrańska
Nowy Kleparz,Politechnika
Węgrzce Centrum Medyczne,Węgrzce
Buków,Buków Klin
Jubilat,Cracovia
Plac Wszystkich Świętych,Filharmonia
Borki,Piekary
Bieżanów Szkoła,Bieżanów Trafo
Katowicka,Rondo Ofiar Katynia
Wzgórza Krzesławickie,Darwina
Os.Willowe,Klasztorna
Uniwersytet Ekonomiczny,Rondo Mogilskie
Dymarek,Karowa
Czajowice,Murownia
Os.Zgody,Aleja Przyjaźni
Szpital Rydygiera,Rondo Hipokratesa
Trojadyn Szydło,Tonie Gliniki
Zajezdnia Bieńczyce,Petöfiego
Nowa Wieś,Nowa Wieś Kościół
Czernichów Bór,Czernichów II
Dąbrowa Szlachecka Figurka,Dąbrowa Szlachecka
Sudolska,Powstańców
Marszowice Góry,Marszowice
Radziszów PKP,Wola Radziszowska Łęg
Teatr Bagatela,Batorego
Brzoskwinia,Nielepice Stadnina
Rondo Matecznego,Jubilat
Kozierów Skrzyżowanie,Żerkowice Kolonia
Ugorek,Wieczysta
Michałowice Lecznica,Michałowice III
Książniczki Centrum,Książniczki Boisko
Szparagowa,Lesisko
Plac Wolnica,Korona
Ruczaj I,Rostworowskiego
Rączna Osiedle,Rączna II
Bronowice Wiadukt,Balicka Wiadukt
Lubicz,Dworzec Główny
Wieliczka CPN,Wieliczka Park
Zabierzów Ośrodek Zdrowia,Zabierzów Piaski
Dwór Czeczów,Bieżanów Pomnik
Kordylewskiego,Rondo Grzegórzeckie
Piaski Nowe,Nowosądecka
Rudawa Bloki,Rudawa Kościół
Ślaskiego,Dąbrowa
Swoszowice Poczta,Swoszowice
Witkowice,Witkowice Nowe
Bębło Stara Wieś,Czajowice
Strzelców,Cmentarz Batowice
Lema,M1 Al. Pokoju
Kamień,Kamień Dół
Rondo Ofiar Katynia,Conrada
Wysiołek Luborzycki I,Wysiołek Luborzycki
Dunikowskiego,Os.Na Lotnisku
Wadów,Wadowska
Branice Szkoła,Branice
Droga do Sidziny,Brzyczyna
Kobierzyńska,Słomiana
Pielgrzymowice I,Pielgrzymowice
Droga do Niegoszowic,Kochanów
Balicka Wiadukt,Bronowice
Maszyce Remiza,Maszyce Skrzyżowanie
Niepołomice Jazy II,Wola Bat. Ruskie
Sucha,Łagiewniki
Świetlica,Rzepakowa
Rząska UR,Rząska
Ochojno Skrzyżowanie,Ochojno Remiza
Prądnik Czerwony,Cmentarz Batowice
Zakępie,Brzeska
Tondosa,Strzelnica
Clepardia,Mackiewicza
Marszowice,Marszowice Góry
Brzezie Narodowe,Brzezie
Wielkie Drogi Trzebol,Wielkie Drogi Szkoła
Brożka,Łagiewniki
Sołtysowska,Sołtysowska Zakłady
Polanowice Kolonia,Marszowice I
Węgrzce Sudół I,Bosutów Dziekanowice
Okulickiego,Wiślicka
Chobot,Wola Zabierzowska
Mazowiecka,Łobzów PKP
AGH,Cracovia Błonia
Olsza II,Bora-Komorowskiego
Szymańskiego,Branice Pagórek
Starowiślna,Miodowa
Lusina Granica,Libertów Dolny
Kozierów Skrzyżowanie,Narama
Januszowice,Przybysławice II
Burów I,Balice Grzybów
Pisary,Pisary Dwór
Wadów Osiedle,Łuczanowice Skrzyżowanie
Zawiła Cmentarz,Góra Borkowska
Radwanowice I,Radwanowice Pętla
Zarzecze,Przybyszewskiego
Łutnia,Przewóz
Krzyszkowice Os. Szymanowskiego,Krzyszkowice Kościół
Brzegi III,Grabie Szczurów
Grębynice II,Grębynice Mogiełki
Opatkowice,Myślenicka
Kostrze OSP,Ślaskiego
Cedyńska,Wiślicka
Rzeszotary Górne,Ochojno Skrzyżowanie
Swoszowice Pawilon,Swoszowice Sklep
Wieliczka CPN,Wieliczka Cmentarz
Wadów Glinik,Wadów Działki
Malinowskiego,Drużbackiej
Nadbrzezie,Suchy Jar
Wyciąże,Wyciąże Zachód
Słonecznikowa,Tondosa
Brogi,Wileńska
Łokietka,Krowoderskich Zuchów
Przeginia Duchowna Centrum,Przeginia Duchowna Szkoła
Niepołomice Boryczów,Niepołomice Wielicka
Karowa I,Dymarek
Mogilany Rynek,Mogilany Cmentarz
Rzozów I,Rzozów Szkoła
Jugowicka,Góra Borkowska
Cracovia,Oleandry
Park Decjusza,Sielanka
Giebułtów,Trojadyn Skrzyżowanie
Jasnogórska,Rondo Ofiar Katynia
Owczary,Owczary Długa
Kapelanka,Szwedzka
Teatr Ludowy,Os.Zgody
Wyciąże Wiadukt,Wyciąże Zachód
Łobzów PKP,Urząd Marszałkowski
Bieżanów Bazy,Półłanki
Krzęcin Kościół,Krzęcin Cmentarz
Katowicka,Pasternik Cmentarz
Modlniczka,Modlnica Skrzyżowanie
Rzebika,Lipska
Szczyglice Autostrada ,Szczyglice
Panieńskich Skał,Park Decjusza
Lipowskiego,Bieżanów Drożdżownia PKP
Droga do Branic,Branice Pagórek
Os.Strusia,DH Wanda
Garlica Duchowna,Droga do Garliczki
Skawina Korabnicka,Skawina Korabnicka Szkoła
Arka,Teatr Ludowy
Skawina Wyspiańskiego,Skawina Korabnicka
Rzozów Szkoła,Gołuchowice
Zelczyna Sklep,Zelczyna Szkoła
Lipska,Rzebika
Lubocza Przychodnia,Lubocza Bugaj
Brama nr 4,Jeżynowa
Cracovia,Cracovia Stadion
Czajowice,Bębło Stara Wieś
Podgórki Skawińskie,Janasówka
Park Wodny,Os.Oświecenia
Wiślicka,Os.Na Lotnisku
Podłęże Przedszkole,Podłęże Balachówka
Zabierzów Ośrodek Zdrowia,Kochanów I
Bosaków,Brogi
Rączna Dzikowiec,Wyźrał I
Wrząsowice Górka,Wrząsowice Kowaleca
Bieżanów,Jasieńskiego
Makowskiego,Łobzów PKP
Os.Marszowiec,Witkowice
Krzesławice,Młyn
Podłęże Centrum,Staniątki Wiadukt
Kuźnicy Kołłątajowskiej,Aleja 29 Listopada
Michałowice,Michałowice Komora
Pleszów,Koksochemia
Balicka Wiadukt,Zarzecze
Albatrosów,Jeżowa
Krzyszkowice Kościół,Krzyszkowice Os. Szymanowskiego
Gaj Szkoła,Gaj Zadziele
Kupały,Os.Kalinowe
Droga do Branic,Igołomska
Lusina Łany,Lusina Szkoła
Brama nr 5,Fort Mogiła
Teatr Ludowy,Arka
Zajezdnia Wola Duchacka,Sławka
Radzikowskiego,Azory
Kampus UJ,Bobrzyńskiego
Nawojowa Góra II,Krzeszowice Witaminka
Ciekowiec,Przylasek Rusiecki
Kopanka Kapliczka,Kopanka Szkoła
Na Załęczu Szkoła,Siwka
Przewóz,Ks. Targosza
Wysłouchów,Bujaka
Wyciąże I,Wyciąże Wiadukt
Kochanów,Droga do Niegoszowic
Niepołomice Poręby,Niepołomice Diesla
Wiktorowice Skrzyżowanie,Zastów Działki
Bieżanowska,Prosta
Wola Zabierzowska,Zabierzów Bocheński Centrum
Wola Duchacka,Karpińskiego
Radziszów Podwale,Radziszów Zawodzie
Czarnochowice I,Bieżanów Granica Miasta
Polana Żywiecka,Łuczyńskiego
Grębynice Mogiełki,Grębynice II
Droga do Janowic,Rzeszotary Zalesie
Radziszów Zawodzie,Radziszów PKP
Judyma,Kąpielowa
Zelków II,Zelków Staw
Wyciąże I,Wyciąże
Radziszów Zawodzie,Radziszów Podwale
Rodzinna,Górka Pychowicka
Wańkowicza,Kocmyrzowska
Bardosa,Kopiec Wandy
Młodzieży,Prokocim  Rynek
Dworzec Główny Wschód,Politechnika
Leszka Białego,Architektów
Albatrosów,Surzyckiego
Zabierzów Działki,Zabierzów Sklep
Sołtysowska Zakłady,Sołtysowska
Os.Na Stoku Szkoła,Wiadukty
Kleeberga,Dunikowskiego
Tonie Gliniki,Trojadyn Szydło
Landaua,Kenara
Rondo Barei,Strzelców
Jubilat,Rondo Matecznego
Szczyglice,Balice Autostrada
Skawina Sąd,Skawina Tyniecka Osiedle
Michałowice Kwiaty Polne,Michałki
Podskale,Zielonki Rozjazd
Zakońce,Wola Zachariaszowska
Os.Złotego Wieku,Cedyńska
Żywiecka,Rynek Fałęcki
Armii Krajowej,Zarzecze
Rusocice Skład,Rusocice I
Struga,Aleja Róż
Zabawa I,Zabawa
Kurdwanów,Przykopy
Rudawa Młyn,Młynka I
Rzeszotary Trafo,Rzeszotary
Dziady,Droga do Kaszowa
Wola Radziszowska Chorzyny,Wola Radziszowska Centrum
Grabie Szczurów,Grabie Dom Kultury
Nowy Bieżanów Południe,Nowy Prokocim
Trzecia Góra,Belwederczyków
Radziszów Zadworze,Radziszów Centrum
Turowicza,Przykopy
Bratysławska,Nowy Kleparz
Stara Cegielnia,Kuźnicy Kołłątajowskiej
Marszowice I,Marszowice
Skawina Energetyków,Skawina Koncentraty
Bielany Szkoła,Bielany
Borsucza,Grota Roweckiego
Kobierzyńska,Grota Roweckiego
Sodfiny Kolonia,Głęboka
Przykopy,Herberta
Brodowicza,Rondo Mogilskie
Lusina Dolna,Krakówka
Jaśkowice,Jaśkowice PKP
Medweckiego,Czyżyny Dworzec
Łuczanowice Skrzyżowanie,Bystronia
UR Balicka,Lindego
Wola Bat. Ruskie,Wola Batorska  Żwirownia
Bystronia,Łuczanowice Skrzyżowanie
Bieżanów Drożdżownia PKP,Drożdżowa
Odmętowa,Lesisko
Dożynkowa,Witkowice Nowe
Balice OSP,Balice Szkoła
Wielka Wieś,Szyce I
Sucharskiego,Złocieniowa
Obrońców Modlina,Surzyckiego
Raciborowice I,Zastów
Balice Leśna,Balice Grzybów
Skała Kmity,Szczyglice
Most Kotlarski,Rondo Grzegórzeckie
Gustawa Morcinka,Prusy
Krowoderskich Zuchów,Batalionu  Skała  AK
Imbramowska,Mackiewicza
Za Torami,Żwirownia
Rudawa Szkoła,Rudawa PKP
Polanka Hallera Dwór,Gołuchowice Sklep
Park Wodny,Rondo Barei
Salwator,Komorowskiego
Puszkarska,Kamieńskiego Wiadukt
Stradom,Most Grunwaldzki
Wyciąże Zachód,Wyciąże Wiadukt
Wola Batorska Borek,Wola Batorska Cmentarz
Kokotów I,Czarnochowice I
Chabrowa,Os.Łokietka
Piekary,Borki
Węgrzce Sudół,Węgrzce Magiczne Wzgórze
Teatr Ludowy,Rondo Kocmyrzowskie
Rajsko,Landaua
Skawina PKP,Skawina Cmentarz
Rostworowskiego,Słomiana
Łuczyńskiego,Żywiecka
Lusina Łany,Lusina Pętla
Czyżyny Dworzec,Rondo Czyżyńskie
Michałowice Ogrodowa,Michałowice
Krzyszkowice Kościół,Krzyszkowice Kasztanowa I
Przewóz,Łutnia
Mydlniki,Mydlniki Stawy
Prokocim Cmentarz,Młodzieży
Brzegi III,Brzegi I
Skawina Rynek,Skawina Cmentarz
Zakład Przeróbki,Pleszów
Opolska Estakada,Uniwersytet Rolniczy
Os.Na Skarpie,Plac Centralny
Dworzec Główny Zachód,Dworzec Główny Wschód
Sieborowice,Zagórzyce Stare
Rybna I,Rybna II
Zagórzyce Dworskie,Wysyłek
Chałubińskiego,Krakówka
Trojanowice I,Trojanowice Pętla
Brzeźnica Kuźnia,Brzeźnica Pasieka
Podłęże Centrum,Podłęże Przedszkole
Lema,Dąbie
Skawina Koncentraty,Skawina Zachodnia
M1  Nowohucka,Nowohucka
Dunikowskiego,Rondo Piastowskie
Olszanica Ogródki Działkowe,Olszanica Bory
Bieżanowska,Malborska
Raciborowice Centrum,Dłubnia
Zabierzów I,Zabierzów Piekarnia
Zastów,Raciborowice I
Politechnika,Cmentarz Rakowicki Zachód
Brzezie Kulka,Zielona
Barycz,Żelazowskiego
Krasieniec,Krasieniec Remiza
Mogilany Wiadukt,Mogilany Włosań
Prokocim Szpital,Jerzmanowskiego
Cmentarz Grębałów,Darwina
Drożyska,Przylasek Wyciąski
Pisary Skrzyżowanie,Nawojowa Góra I
Opatkowice CPN,Libertów
Wielicka Granica Miasta,Wielicka
Medweckiego,Marii Dąbrowskiej
Szyce II,Szyce I
Pisary Mleczarnia,Rudawa Szkoła
Wielicka,Aleksandry
Niepołomice Diesla,Niepołomice Wodna
Centralna,Rondo Czyżyńskie
Kopiec Wandy,Kombinat
Podstawie,Drożyska
Politechnika,Dworzec Towarowy
Benedyktowicza,Glinnik
Jasieńskiego,Bieżanów
Bonarka,Kamieńskiego Wiadukt
Os.Górali,Teatr Ludowy
Brzoskwinia Kamyk,Brzoskwinia Sklep
Bosutów Straż,Bosutów
Skawina Rzepnik,Skawina Podlipki
Krzysztoforzyce Sklep ,Krzysztoforzyce
Mackiewicza,Imbramowska
Batalionu  Skała  AK,Wyki
Architektów,Wzgórza Krzesławickie
Wola Radziszowska Most,Wola Radziszowska Mała Ostra Góra
Zastów Działki,Wiktorowice Skrzyżowanie
Rączna I,Rączna II
Kuklińskiego,Stoczniowców
Rondo Czyżyńskie,Czyżyny
Wzgórza Krzesławickie,Architektów
Kopce,Mogilany Cmentarz
Rusocice II,Kamień Dół
Chełm,Zielony Dół
Wały Wiślane,Kostrze Szkoła
Malczewskiego,Księcia Józefa
Chobot Leśniczówka,Chobot
Łęczycka,Os.Złotego Wieku
Węgrzce Wielkie III,Węgrzce Wielkie II
Bolechowice,Zelków Wola
Nowy Bieżanów Południe,Ćwiklińskiej
Kopanka,Kopanka II
Dworzec Główny,Basztowa LOT
Miśnieńska,Mistrzejowice
Lusina Górka,Dobrzyczany
Agatowa,Bieżanów Bazy
Os.Na Skarpie,Klasztorna
Wrząsowice Kowaleca,Wrząsowice Górka
Czyżyny,Rondo Czyżyńskie
Wróżenice,Wróżenicka
Grabie Kuźnia,Grabie
Gustawa Morcinka,Grębałów
Rudawa Szkoła,Pisary Mleczarnia
Zagacie I,Wyźrał
Plac Wszystkich Świętych,Św. Gertrudy
Skawina Os. Radziszowskie,Skawina Nad Potokiem
Zakrzów,Podłęże Balachówka
Wieczysta,AWF
Zielonki Transformator,Zielonki Rozjazd
Węgrzynowice Dół,Węgrzynowicka
Krowodrza Urzędy Skarbowe,Wybickiego
Las Borkowski,Zawiła
Żyzna,Petrażyckiego
Landaua,Rajsko
Dubie,Radwanowice II
Przy Kuźni,Hallera
Os.Na Stoku,Architektów
Rozjazd,Kościelniki
Bosaków,Miechowity
Węgrzce Magiczne Wzgórze,Węgrzce Centrum Medyczne
Zajezdnia Bieńczyce,Nowolipki
Maszyce Skrzyżowanie,Smardzowice IV
Powstańców Garaże,Powstańców
Chrosna Studnia,Chrosna
Mała Góra,Bieżanów Cmentarz
Bratysławska,Krowodrza Górka
Rybna Nowy Świat,Sanka Skrzyżowanie
Panieńskich Skał,Królowej Jadwigi
Tomaszowice,Tomaszowice I
Starowiślna,Stradom
Nowa Wieś Szlachecka,Nowa Wieś Kościół
Marszowiec,Zielonki UG
Młynka,Rudawa Młyn
Cystersów,Rondo Mogilskie
Wyciąże Sklep,Wyciąska
Błonia Kościelnickie,Kościelniki
Dąbrówki I,Dąbrówki
Łanowa,Szczecińska
Os.Zielone,Struga
Turowicza,Fredry
Most Grunwaldzki,Os.Podwawelskie
Szymańskiego,Wyciąże
Reymana,Cichy Kącik
Lublańska,Opolska Estakada
Morawica Krzyżówka,Morawica
AGH,Plac Inwalidów
Balice Autostrada,Balice I
Kocmyrzów I,Kocmyrzów Krzyżówka
Kombinat,Mrozowa
Janówka,Błonia Kościelnickie
Niepołomice Płaszowska I,Niepołomice Kościuszki
Swoszowice,Swoszowice Pawilon
Płaszów Szkoła,Łanowa
Ochmanów Oknoplast,Zakrzów
Siejówka,Przylasek Wyciąski
Wołowice,Wołowice Kapliczka
Kosocicka,Słona Woda
Nowa Wieś Jesionka,Nowa Wieś Szlachecka
Owczary Długa,Owczary
Kurdwanów,Beskidzka
Wróblowice Dom Kultury,Wróblowice Cmentarz
Jerzmanowskiego,Wieliczka CPN
Piasta Kołodzieja,Os.Piastów
Opatkowice,Smoleńskiego
Medweckiego,Stella-Sawickiego
Wielicka,Wielicka Granica Miasta
Cracovia,Czarnowiejska
Brzoskwinia Sklep,Brzoskwinia Kamyk
Nowy Kleparz,Biskupa Prandoty
Rajsko,Geologów
Różyckiego,Azory
Tomaszowice Wedonka,Tomaszowice I
Nowa Wieś Kościół,Nowa Wieś
Świątniki Cmentarz,Świątniki I
Murownia,Czajowice
Zielińskiego,Praska
Rybitwy Sklep,Jeżowa
Opolska Estakada,Biskupa Prandoty
Rzozów Zagonnie,Rzozów PKP
Wiklinowa,Na Załęczu
Mogilany Wiadukt,Mogilany Rynek
Rondo Hipokratesa,DH Wanda
Swoszowice,Wróblowice Szkoła
Cmentarz Grębałów,Lubocza Bugaj
Rondo Barei,Olszecka
Uniwersytet Rolniczy,Biskupa Prandoty
Kleeberga,Rondo Piastowskie
Zabawa,Mała Wieś
Filharmonia,Uniwersytet Jagielloński
Wróżenicka,Czulice I
Teligi,Nowy Prokocim
Michałowice Komora,Bibice
Brzoskwinia Koziary,Morawica Cmentarz
Rondo Mogilskie,Cystersów
Krzyżówka,Błonia Kościelnickie
Sidzina Olszyny,Taklińskiego
Kościelniki,Rozjazd
Ofiar Dąbia,Francesco Nullo
Wiadukty,Darwina
Wilga,Zdrojowa
Elektromontaż,Zajezdnia Nowa Huta
Wolica Most,Wolica Kościół
Wróblowice Rozwidlenie,Wróblowice Szkoła
Nowolipki,Zajezdnia Bieńczyce
Bułgarska,Zachodnia
Korona,Smolki
Wola Luborzycka Działki,Luborzyca
Borek Szlachecki I,Borek Szlachecki II
Księcia Józefa,Benedyktowicza
Karpińskiego,Tuchowska
Petrażyckiego,Sidzina
Poczta Główna,Starowiślna
Lusina I,Lusina Granica
Konary I,Lusina Górka
Luborzyca I,Luborzyca
Zachodnia,Bułgarska
Swoszowice Autostrada,Swoszowice Osiedle
Gospodarska,Tonie Skrzyżowanie
Rusocice Załęg,Rusocice Wieś
Kościelniki,Zabłocie Kościelnickie
Biskupa Prandoty,Nowy Kleparz
Gaj Szkoła,Libertów
Górka Narodowa,Bociana
Kąkolowa,Truskawkowa
Skawina Kopernika,Skawina Starostwo Powiatowe
Baba Jaga,ZOO
Kruszwicka,Popielidów
Kosocicka,Wielicka
Wrząsowice II,Wrząsowice Górka
Raciborowice,Dłubnia
Dąbrowa Szlachecka Figurka,Dąbrowa Szlachecka Krzyż
Witosa,Kurdwanów
Wróblowice Szkoła,Swoszowice
Rudawa Kościół,Radwanowice I
Rząska,Rząska Autostrada
Rudawa PKP,Rudawa
Stradom,Orzeszkowej
Bohomolca,Marchołta
Plac Centralny,Os.Zgody
Os. Mistrzejowice Nowe,Kleeberga
Wróblowice Cmentarz,Kenara
Przeginia Duchowna Szkoła,Nowa Wieś Jesionka
Dworcowa,Dworzec Płaszów
Baczyńskiego,Skotniki
Wolica Las,Wolica Most
Januszowice,Trojanowice
Krakówka,Chałubińskiego
Liszki I,Kryspinów Sanka
Niepołomice Wodna,Niepołomice Płaszowska I
Klasztor Cystersów,Sieroszewskiego
Pod Lipą,Soboniowice
Grabie Kuźnia,Grabie Polanka
Wołowice III,Wołowice Niwa
Bardosa,Fort Mogiła
Golkowice,Zbydniowice Szkoła
Kraśnik,Zagrody
Szyce I,Wielka Wieś
Sielanka,Strzelnica
Zarzecze,Armii Krajowej
Opatkowice CPN,Podstawki
Droga do Czulic,Os.Nowe
Niepołomice Moczydło,Niepołomice Dworzec
Opolska Kładka,Wyki
Chełm,Królowej Jadwigi
Niepołomice Pasternik,Niepołomice Kątek
Zakład Przeróbki,Droga do Branic
Młodzieży,Prokocim Cmentarz
Michałowice Las Michałowski,Michałki
Krowodrza Urzędy Skarbowe,Krowodrza Górka
Ks. Targosza,Szparagowa
Brzozówka,Brzozówka Sklep
Przybyszewskiego,Miasteczko Studenckie AGH
Rzepakowa Świetlica,Żwirownia
Wiktorowice Skrzyżowanie,Wiktorowice Centrum
Bębło Łabajowa,Bębło Lasek
Zielonki UG,Zielonki Transformator
Dworzec Główny Wschód,Biskupa Prandoty
Makowa,Kamieńskiego
Skawina Wojska Polskiego,Skawina Tyniecka
Lekarska,Bratysławska
Gospodarska,Kaczorówka
Os.Podwawelskie,Rondo Matecznego
Królowej Jadwigi,Chełm
Grota Roweckiego,Kobierzyńska
Bieżanowska,Dworcowa
Radziszów Leśniczówka,Radziszów Stare Sanatorium
Łukasiewicza,Cmentarz Rakowicki
Myślenicka,Opatkowice
Na Załęczu Szkoła,Na Załęczu
Borkowska,Kliny Zacisze
Goszyce,Goszyce Remiza
Dunikowskiego,Os.Piastów
DH Wanda,Os.Strusia
Staniątki Wiadukt,Niepołomice Wielicka
Teatr Ludowy,Os.Górali
Nawojowa Góra I,Nawojowa Góra II
Opatkowice,Opatkowice Wiadukt
Mistrzejowice,Miśnieńska
Dworzec Główny Wschód,Dworzec Główny
Lesisko,Lasek Mogilski
Na Załęczu,Sikorki
Zielona,Zabierzów Młyn
Zajezdnia Bieńczyce,Elektromontaż
Zabierzów Działki,Zabierzów
Czyżyny Dworzec,Medweckiego
Olszanica Bory,Balice II
Os.Kalinowe,Wiślicka
Świątniki Cmentarz,Świątniki Centrum
Nowy Kleparz,Basztowa LOT
Chałubińskiego,Pytlasińskiego
Skawina Robotnicza,Kopanka Szkoła
Wieliczka Cmentarz,Wieliczka CPN
Swoszowice Sklep,Swoszowice Poczta
Soboniowice,Pod Lipą
Kopanka Szkoła,Kopanka Kapliczka
Wieliczka Kopalnia Soli,Wieliczka Park
Mogilany Ośrodek Zdrowia,Gaj Zadziele
Balicka Wiadukt,Bronowice Małe
Świetlica,Żwirownia
Petrażyckiego,Żyzna
Czernichów Bór,Przeginia Narodowa
Borek Fałęcki I,Solvay
Opolska,Conrada
Morawica Krzyżówka,Morawica Mostek
Uniwersytet Jagielloński,Filharmonia
Żeromskiego,Teatr Ludowy
Łagiewniki,Tischnera
Wolica Las,Wolica
Wola Batorska  Żwirownia,Wola Batorska  Kościół
Słona Woda,Hallera
Konary I,Konary
Krzemieniecka,Drużbackiej
Jerzmanowskiego,Czerwiakowskiego
Zdrowa,Krowodrza Górka
Wybickiego,Krowodrza Urzędy Skarbowe
Kuklińskiego,Powstańców Wielkopolskich
Suche Stawy,Bardosa
Cholerzyn Skrzyżowanie,Cholerzyn Granica
Aleja Waszyngtona,Kopiec Kościuszki
Zarzecze,Bronowice Małe
Czarnowiejska,Plac Inwalidów
Wrząsowice III,Wrząsowice Kowaleca
Wodociągi,Bielany Klasztor
Malborska,Sułkowskiego
Karowa,Dymarek
Kobierzyn,Babińskiego
Czarnowiejska,Miasteczko Studenckie AGH
Koksochemia,Pleszów
Piaszczysta,Białoprądnicka
Dworzec Główny Tunel,Politechnika
Uniwersytet Jagielloński,Cracovia Błonia
Nowy Kleparz,Cmentarz Rakowicki Zachód
Bibice Pętla,Marszowiec
Kryspinów Zalew,Kryspinów
Os.Na Stoku Szkoła,Leszka Białego
Barbary,Mała Góra
Pychowice,Park  Skały Twardowskiego 
Ostafina,Resztówka
Rzeszotary Szkoła,Rzeszotary Trafo
Rondo Mogilskie,Rondo Grzegórzeckie
Węgrzce Centrum,Węgrzce Błonie
Dunikowskiego,Kleeberga
Wola Batorska  Kościół,Wola Batorska  Żwirownia
Trojadyn Skrzyżowanie,Trojadyn
Głowackiego,Uniwersytet Pedagogiczny
Meksyk,Koksochemia
Maszyce II,Grębynice Mogiełki
Sidzina,Tretówka
Skawina  Elektrownia,Skawina  Piłsudskiego
Stara Wola,Baba Jaga
DH Wanda,Rondo Kocmyrzowskie
Michałowice Komora,Michałowice
Fort Bodzów,Kostrze Szkoła
Mydlniki PKP,Zakliki
Wola Duchacka,Sułkowskiego
Kaczorówka,Gospodarska
Bielańskie Skały,Na Krępaku
Komuny Paryskiej,Zawiła
Lubicz,Rondo Mogilskie
Mników Sklep,Droga do Kaszowa
Rudawa Kościół,Rudawa PKP
Jana Kazimierza,Leszka Białego
Dąbrówki,Dąbrówki I
Prokocim Cmentarz,Bieżanów Trafo
Lublańska,Olsza II
Plac Inwalidów,Grottgera
Witkowice Nowe,Witkowice
Liszki Krzyżówka,Kaszów Łysa Góra
Chałupki Górne,Branice Ośrodek Zdrowia
Chrosna,Chrosna Studnia
Wyźrał I,Rączna Dzikowiec
Kosmowskiej,Rzepichy
Sielanka,Park Decjusza
Bolechowice I,Zielona
Kenara,Wróblowice Cmentarz
Żerkowice Skrzyżowanie,Krasieniec Stary
Judyma,Góra Borkowska
Wieliczka Park,Wieliczka Kopalnia Soli
Klimeckiego,Kuklińskiego
Wysiołek Luborzycki,Luborzyca
Kąpielowa,Wilga
Dworzec Główny Tunel,Rondo Mogilskie
Azory,Makowskiego
Droga do Janowic,Rzeszotary Panciawa
Teatr Bagatela,Basztowa LOT
Czernichów II,Ratanice
Pszona,Rondo Młyńskie
Wolica I,Wolica II
Zakliki,Mydlniki
Czulice I,Wróżenicka
Bonarka,Kamieńskiego
Mogilany Rynek,Mogilany Cicha
Prądnik Biały,Pachońskiego
Bieżanów Granica Miasta,Czarnochowice I
Niepołomice Rynek,Niepołomice Batorego
Poronińska,Myślenicka
UR Balicka,Mydlniki PKP
Rzeszotary Górne,Rzeszotary Polanki
Instytut Reumatologii,Przegon
Pilotów,Rondo Młyńskie
Cmentarz Rakowicki Zachód,Politechnika
Miasteczko Studenckie AGH,Przybyszewskiego
Rzemieślnicza,Rondo Matecznego
Dąbrowa Szlachecka,Dąbrowa Szlachecka Krzemiennik
Bora-Komorowskiego,Olsza II
Os.Na Lotnisku,Os.Kościuszkowskie
Siwka,Na Załęczu Szkoła
ZOO,Baba Jaga
Wyciąże Sklep,Wyciąże II
Urzędnicza,Plac Inwalidów
Skawina Zachodnia,Skawina  Elektrownia
Ks.Łaczka,Bieżanów Drożdżownia PKP
Krzęcin Częsna,Krzęcin Kapliczka
Aleja 29 Listopada,Kuźnicy Kołłątajowskiej
Zakład Przeróbki,Szymańskiego
Barwna,Węgrzynowice Dół
Mogilany Włosań,Mogilany Wiadukt
Wielicka,Kosocicka
Prusy WSR,Sulechów
Polanka Hallera Dwór,Grabie Polanka
Branice I,Droga do Pleszowa
Halszki,Stojałowskiego
Struga,Orkana
Wieliczka Kościół,Wieliczka Cmentarz
Droga do Pleszowa,Branice I
Owczary I,Owczary
Gwarecka,Suchy Jar
Zawiła,Komuny Paryskiej
Garliczka Chochół,Owczary Górna
Świątniki I,Wrząsowice III
Kopanka Szkoła,Skawina Robotnicza
Balice Instytut,Winna Góra
Przeginia Duchowna,Czułówek
Zarzecze,Bronowice Wiadukt
Niepołomice Kątek,Niepołomice Pasternik
Wola Radziszowska Łęg,Wola Radziszowska Mała Ostra Góra
Bujaka,Halszki
Korona,Plac Bohaterów Getta
