36,Clepardia,441,c,,
104,Miechowity,861,m,,
122,Biskupa Prandoty,841,b,,
80,AGH,826,a,50.0635,19.9237
113,AWF,100,a,50.074,19.9991
88,Uniwersytet Pedagogiczny,356,u,50.0742,19.9104
95,Al.29 Listopada,844,a,50.0892,19.9586
138,Armii Krajowej I,352,a,50.0717,19.892
54,Azory,377,a,50.0867,19.9089
145,Baba Jaga,328,b,50.0592,19.8624
3,Balicka,362,b,50.0816,19.8756
134,Balicka Wiadukt,359,b,50.0815,19.8892
75,Basztowa LOT,833,b,50.0663,19.9393
106,Batowice,849,b,50.1041,19.9921
107,Batowice PKP,850,b,50.1062,20.0016
130,Białucha,804,b,50.0677,19.9776
84,Biprostal,355,b,50.073,19.9152
61,Bratysławska,383,b,50.0835,19.9338
123,Brogi,859,b,50.0797,19.9602
105,Brogi I,860,b,50.0828,19.9639
89,Bronowice,357,b,50.0774,19.9014
4,Bronowice Mleczarnia,363,b,50.0808,19.8709
136,Bronowice Wiadukt,388,b,50.0812,19.8906
19,Bronowice Wielkie,396,b,50.1056,19.8805
40,Chabrowa,400,c,50.0983,19.9121
91,Cmentarz,840,c,50.076,19.9471
124,Cmentarz Rakowicki,854,c,50.0739,19.9578
129,Cystersów,803,c,50.0666,19.9713
81,Czarnowiejska,348,c,50.0664,19.9226
131,Dworzec Główny,801,d,50.0647,19.945
70,Dworzec Towarowy,381,d,50.0757,19.9401
24,Gaik,404,g,50.1118,19.8933
20,Gaik I,442,g,50.1087,19.8787
51,Glogera I,439,g,50.1025,19.9275
35,Górka Narodowa,432,g,50.093,19.9564
22,Gospodarska,402,g,50.1081,19.9028
76,Grottgera,830,g,50.0718,19.9299
5,UR Balicka,364,u,50.0809,19.866
39,Kaczorówka,401,k,50.1039,19.9072
147,Kasztanowa,331,k,50.0651,19.8658
13,Katowicka,390,k,50.0902,19.883
148,Kopalina,332,k,50.0658,19.8613
150,Królowej Jadwigi,440,k,50.0697,19.8591
62,Krowoderskich Zuchów,417,k,50.0888,19.9258
63,Krowodrza Górka,416,k,50.0885,19.9315
98,Kuźnicy Kołłątajowskiej,433,k,50.0977,19.9617
140,Lajkonika,324,l,50.0621,19.8883
65,Lekarska,413,l,50.0867,19.9384
58,Łobzów PKP,373,ł,50.082,19.916
126,Lubicz,851,l,50.0652,19.9517
94,Lublańska,862,l,50.0852,19.9629
120,Łukasiewicza,855,ł,50.0754,19.9654
37,Mackiewicza,423,m,50.0902,19.9437
56,Makowskiego,379,m,50.0877,19.9168
27,Marszowiec,430,m,50.1236,19.9398
90,Mazowiecka,370,m,50.0783,19.9179
12,Rondo Ofiar Katynia,389,r,50.0871,19.8914
8,Mydlniki,366,m,50.0844,19.8451
10,Mydlniki I,368,m,50.0901,19.8373
6,Mydlniki PKP,365,m,50.0824,19.8535
9,Mydlniki Stawy,367,m,50.0874,19.841
121,Narzymskiego,856,n,50.0734,19.966
71,Nowy Kleparz,835,n,50.0745,19.9362
16,Ojcowska Dworek,393,o,50.0943,19.8824
17,Ojcowska Wągroda,394,o,50.0975,19.8834
109,Okulickiego,277,o,50.0985,20.0015
103,Olsza II,863,o,50.084,19.9699
53,Opolska,387,o,50.0895,19.9132
92,Opolska Estakada,843,o,50.086,19.9545
48,Opolska Kładka,418,o,50.0914,19.9272
28,Os.Marszowiec,429,o,50.1187,19.9415
108,Os.Oświecenia,131,o,50.089,19.9887
44,Pachońskiego,409,p,50.0941,19.9244
45,Pachońskiego I,410,p,50.0952,19.9315
143,Park Decjusza,330,p,50.067,19.8696
14,Pasternik Cmentarz,391,p,50.0953,19.8734
72,Pędzichów,834,p,50.0696,19.9375
26,Pękowice,408,p,50.1247,19.9014
25,Tonie Kąty,407,t,50.1157,19.9011
79,Plac Inwalidów,829,p,50.0693,19.9261
74,Plac Matejki,837,p,50.0665,19.9422
47,Pleszowska,419,p,50.0919,19.9357
11,Podkamycze,369,p,50.0883,19.841
97,Powstańców,845,p,50.0932,19.964
69,Prądnicka,382,p,50.0807,19.9376
46,Prądnik  Biały,411,p,50.0962,19.9302
50,Prądnik Biały,420,p,50.0965,19.9321
132,Radzikowskiego,374,r,50.0833,19.9091
128,Rakowicka,853,r,50.0707,19.9545
118,Rondo Młyńskie,858,r,50.0808,19.973
125,Rondo Mogilskie,802,r,50.066,19.9616
55,Różyckiego,378,r,50.0882,19.9126
32,Siewna,425,s,50.099,19.9475
33,Siewna Wiadukt,424,s,50.0961,19.9468
42,Skrajna,398,s,50.0912,19.9093
57,Stachiewicza,380,s,50.0849,19.9164
99,Stara Cegielnia,434,s,50.106,19.9647
144,Stara Wola,327,s,50.0619,19.871
112,Stella-Sawickiego,101,s,50.0746,20.0044
30,Witkowice Nowe,427,w,50.1051,19.9443
101,Strzelców,873,s,50.0929,19.9753
66,Szpital Narutowicza,412,s,50.0835,19.9367
77,Teatr Bagatela,827,t,50.0635,19.9329
139,Tondosa,323,t,50.0606,19.8923
21,Tonie,405,t,50.1099,19.8864
115,Ugorek,869,u,50.0775,19.9837
127,Uniwersytet Ekonomiczny,852,u,50.068,19.9524
67,Urząd Marszałkowski,372,u,50.0788,19.9224
83,Urzędnicza,354,u,50.0718,19.9196
114,Wieczysta,805,w,50.0715,19.9831
93,Uniwersytet Rolniczy,842,u,50.0829,19.9534
110,Wiślicka,132,w,50.0877,20.0014
29,Witkowice,428,w,50.108,19.9426
60,Wybickiego,384,w,50.0839,19.927
43,Wyki,397,w,50.0927,19.9223
146,ZOO,329,z,50.055,19.8553
41,Za Przejazdem,399,z,50.0948,19.9151
137,Zarzecze,353,z,50.0771,19.889
64,Zdrowa,414,z,50.0888,19.9385
2,Zelków,2118,z,50.1615,19.8116
149,Zielony Dół,333,z,50.0667,19.8559
267,Piekary I,2019,p,,
268,Piekary II,2020,p,,
282,Kaszów II,2050,k,,
293,Wyźrał Wielka Droga,2040,w,,
294,Wyźrał I,2039,w,,
236,Aleksandrowice Osiedle,2076,a,50.0816,19.7693
162,Balice III,2069,b,50.0686,19.8014
226,Balice I,2071,b,50.0761,19.8078
223,Balice Instytut,2074,b,50.0839,19.789
222,Balice Szkoła,2073,b,50.0843,19.792
166,Bibice Pętla,2177,b,50.1267,19.9534
260,Bielany,313,b,50.0432,19.82
262,Bielany Klasztor,311,b,50.0434,19.8311
261,Bielany Szkoła,312,b,50.0442,19.8266
208,Bolechowice,2113,b,50.147,19.792
206,Bolechowice I,2111,b,50.1352,19.7992
271,Borki,2022,b,50.0285,19.7868
290,Borki I,2279,b,50.0313,19.7808
241,Brzoskwinia,2089,b,50.0898,19.7028
240,Brzoskwinia Kamyk,2088,b,50.0933,19.7101
238,Brzoskwinia Koziary,2086,b,50.0906,19.7349
188,Brzozówka,2134,b,50.1755,19.8965
189,Brzozówka Sklep,2133,b,50.1722,19.8983
255,Budzyń,2055,b,50.0475,19.7917
256,Budzyń I,2056,b,50.0524,19.7834
151,Chełm,334,c,50.0677,19.8467
254,Cholerzyn,2057,c,50.0583,19.775
251,Cholerzyn Granica,2060,c,50.0583,19.7542
252,Cholerzyn Skrzyżowanie,2059,c,50.0579,19.7618
227,Chrosna,2085,c,50.0822,19.7096
230,Chrosna Kapliczka,2082,c,50.0797,19.7303
229,Chrosna Sklep,2083,c,50.0796,19.7212
228,Chrosna Studnia,2084,c,50.0813,19.7163
245,Czułów,2066,c,50.0611,19.6942
247,Czułów I,2064,c,50.0594,19.712
173,Droga do Garliczki,2142,d,50.1492,19.9219
249,Droga do Kaszowa,2062,d,50.0599,19.7286
216,Droga do Niegoszowic,2269,d,50.113,19.7348
182,Zielonki Skrzyżowanie,2124,z,50.108,19.9242
250,Dziady,2061,d,50.0598,19.7426
243,Działki,318,d,50.0533,19.8976
174,Garlica Duchowna,2141,g,50.1442,19.9249
175,Garlica Murowana,2140,g,50.1407,19.9274
170,Górna Wieś,2145,g,50.1625,19.936
259,Granica Miasta,314,g,50.0428,19.8094
242,Kopiec Kościuszki,319,k,50.0553,19.8926
185,Januszowice,2130,j,50.1496,19.893
283,Kaszów,2049,k,50.0393,19.7255
215,Kochanów,2108,k,50.1148,19.7479
214,Kochanów I,2107,k,50.1161,19.7626
156,Kosmowskiej,337,k,50.0613,19.8312
258,Kryspinów,2035,k,50.043,19.7969
244,Kryspinów Zalew,2067,k,50.0495,19.7994
157,Leśmiana,340,l,50.0682,19.833
289,Liszki I,2037,l,50.0388,19.7743
286,Liszki Krzyżówka,2038,l,50.035,19.7583
287,Liszki UG,2024,l,50.0385,19.7677
285,Kaszów Łysa Góra,2047,k,50.0373,19.7445
218,Młynka I,2166,m,50.1138,19.6971
197,Modlniczka Mała,2098,m,50.1078,19.8365
233,Morawica,2080,m,50.0752,19.7533
234,Morawica Cmentarz,2078,m,50.0802,19.7551
232,Morawica Krzyżówka,2079,m,50.0806,19.7497
273,Na Krępaku,308,n,50.0452,19.8588
167,Narama,2160,n,50.1807,19.9327
280,Nowa Wieś,2052,n,50.0308,19.7043
281,Nowa Wieś Kapliczka,2051,n,50.0339,19.7111
278,Nowa Wieś Szlachecka,2054,n,50.0258,19.6898
160,Olszanica,342,o,50.0676,19.8239
161,Olszanica Bory,344,o,50.0619,19.8051
159,Olszanica Działki,343,o,50.0644,19.8186
158,Olszanica Kapliczka,341,o,50.0681,19.8285
186,Owczary,2136,o,50.1743,19.9132
187,Owczary I,2135,o,50.1774,19.9083
269,Piekary Sklep,2164,p,50.0262,19.7974
169,Pielgrzymowice,2175,p,50.1473,20.048
176,Podskale,2139,p,50.1322,19.9191
275,Przegorzały,306,p,50.047,19.8716
190,Przybysławice I,2132,p,50.1636,19.8991
191,Przybysławice II,2131,p,50.1576,19.8951
154,Raczkiewicza,339,r,50.0688,19.8374
217,Rudawa,2165,r,50.1141,19.7113
195,Rząska,2096,r,50.0989,19.8377
196,Rząska Autostrada,2097,r,50.1055,19.8359
193,Rząska Jednostka Wojskowa,2094,r,50.0997,19.8559
153,Rzepichy,336,r,50.0623,19.8358
277,S.I.Robotnik,304,s,50.0476,19.8892
219,Skała Kmity,2101,s,50.0972,19.8046
264,Skalna,315,s,50.0389,19.8313
265,Bielańska,316,b,50.0355,19.8225
266,Stopień Wodny,317,s,50.0332,19.8161
220,Szczyglice,2092,s,50.0936,19.8042
225,Szczyglice Autostrada ,2091,s,50.0929,19.8155
179,Trojanowice I,2137,t,50.1373,19.913
178,Trojanowice Pętla,2138,t,50.1409,19.9108
183,Trojanowice Strugi,2128,t,50.1344,19.9058
164,Trzecia Góra,435,t,50.1101,19.9658
165,Węgrzce Centrum,2178,w,50.1201,19.9743
237,Winna Góra,2075,w,50.0827,19.7775
263,Wodociągi,310,w,50.0415,19.8405
172,Wola Zachariaszowska,2143,w,50.1506,19.9314
292,Wyźrał Szkoła,2041,w,50.0219,19.7292
198,Zabierzów Działki,2099,z,50.1091,19.8262
204,Zabierzów PKP,2109,z,50.118,19.8008
199,Zabierzów,2100,z,50.1078,19.8166
213,Zabierzów Ośrodek Zdrowia,2106,z,50.1171,19.7764
203,Zabierzów Piaski,2105,z,50.117,19.7836
201,Zabierzów Piekarnia,2103,z,50.1129,19.8028
200,Zabierzów Sklep,2102,z,50.111,19.8127
171,Zakońce,2144,z,50.1557,19.9361
274,Zaskale,307,z,50.0468,19.8654
212,Zelków I,2117,z,50.1615,19.8055
211,Zelków II,2116,z,50.1612,19.8002
209,Zelków Wola,2114,z,50.1539,19.7995
205,Zielona,2110,z,50.127,19.8037
180,Zielonki Transformator,2126,z,50.1237,19.9203
177,Zielonki Rozjazd,2127,z,50.1298,19.9167
298,Czernichów Studzienki,2045,c,,
351,Batowice I,2179,b,,
416,Aleja Róż,138,a,50.0752,20.0389
415,Aleja Przyjaźni,137,a,50.0752,20.0342
437,Architektów,451,a,50.0971,20.0549
352,Batowice Kapliczka,2180,b,50.1115,20.0159
330,Bibice,2148,b,50.1331,19.9671
329,Bibice I,2176,b,50.1214,19.9587
400,Bieńczyce Mleczarnia,121,b,50.0871,20.0472
432,Bulwarowa,192,b,50.0752,20.0529
385,Cedyńska,276,c,50.0909,20.0051
409,Centralna,116,c,50.0693,20.0126
318,Cracovia,825,c,50.059,19.9237
297,Czernichów,2046,c,49.9872,19.6765
407,Czyżyny,102,c,50.0739,20.0123
392,DH Wanda,135,d,50.0849,20.0202
435,Darwina,123,d,50.0909,20.0594
353,Dłubnia,2181,d,50.1139,20.0238
304,Droga do Jeziorzan,2030,d,49.9988,19.7797
388,Dunikowskiego,161,d,50.0918,20.0162
368,Fabryczna,812,f,50.0603,19.9707
322,Filharmonia,822,f,50.0585,19.9335
312,Flisacka,436,f,50.0527,19.9175
367,Francesco Nullo,811,f,50.0601,19.9671
341,Gościniec,2155,g,50.1738,19.9439
315,Hofmana,438,h,50.0575,19.9003
317,Instytut Reumatologii,320,i,50.0578,19.914
440,Jagiełły,154,j,50.0953,20.0408
308,Jeziorzany,2034,j,49.9871,19.7785
319,Jubilat,823,j,50.0558,19.9273
433,KS Hutnik,210,k,50.0675,20.0591
296,Rączna Kapliczka,2026,r,50.0155,19.7687
427,Klasztor Cystersów,185,k,50.0647,20.0521
426,Klasztorna I,186,k,50.0661,20.0513
382,Kleeberga,144,k,50.0958,20.0131
401,Kocmyrzowska,120,k,50.0854,20.0386
313,Komorowskiego,300,k,50.0534,19.9218
342,Kozierów Skrzyżowanie,2156,k,50.1805,19.9445
346,Krasieniec Remiza,2158,k,50.201,19.9391
345,Krasieniec Stary,2237,k,50.1961,19.9387
381,Kruszwicka,145,k,50.0975,20.0195
387,Kupały,150,k,50.0947,20.0161
337,Laskowiec,2163,l,50.1727,19.9605
384,Łęczycka,142,ł,50.0928,20.0063
394,Łowińskiego,152,ł,50.0933,20.0282
373,M1  Nowohucka,114,m,50.0635,20.0038
310,Malczewskiego,302,m,50.0491,19.9031
405,Marii Dąbrowskiej,171,m,50.0782,20.0147
334,Masłomiąca,2171,m,50.1608,19.9991
347,Masłomiąca I,2172,m,50.158,20.0133
406,Medweckiego,170,m,50.0761,20.0074
333,Michałowice I,2151,m,50.1602,19.98
336,Michałowice II,2161,m,50.1667,19.9783
339,Michałowice III,2153,m,50.1684,19.9512
335,Michałowice Lecznica,2152,m,50.1654,19.9683
340,Michałówka,2154,m,50.1702,19.9404
362,Miodowa,815,m,50.0535,19.9485
375,Mistrzejowice,139,m,50.0957,19.9957
376,Mistrzejowice I,140,m,50.0945,20.0001
372,Nowohucka,115,n,50.0679,20.0054
395,Nowolipki,281,n,50.0932,20.0331
369,Ofiar Dąbia,813,o,50.0595,19.9761
371,Ogródki Działkowe,112,o,50.0639,19.9876
361,Orzeszkowej,872,o,50.0506,19.9384
421,Os.Górali,165,o,50.0811,20.0409
402,Os.Jagiellońskie,163,o,50.0878,20.0277
413,Os.Kolorowe,104,o,50.0723,20.0291
391,Os.Na Lotnisku,134,o,50.0862,20.0136
424,Os.Na Skarpie,188,o,50.0694,20.046
436,Os.Na Stoku Szkoła,157,o,50.0934,20.0563
378,Os.Piastów,148,o,50.1011,20.0128
390,Os.Strusia,133,o,50.0866,20.0093
430,Os.Willowe,191,o,50.0725,20.0536
418,Os.Zgody,136,o,50.0768,20.0311
422,Os.Zielone,166,o,50.0793,20.0457
386,Os.Kalinowe,149,o,50.0914,20.0101
396,Petöfiego,153,p,50.0942,20.0354
379,Piasta Kołodzieja,147,p,50.0982,20.0133
438,Piekarnia,280,p,50.0958,20.0513
295,Piekary III,2027,p,50.0154,19.7751
349,Pielgrzymowice II,2170,p,50.1535,20.0396
323,Pl.Wszystkich Świętych,821,p,50.0591,19.938
414,Plac Centralny,105,p,50.0722,20.0371
360,Plac Wolnica,820,p,50.048,19.9435
357,Poczta Główna,806,p,50.0594,19.9424
439,Porazińskiej,155,p,50.095,20.0471
306,Rączna Osiedle,2236,r,50.0014,19.7553
399,Pralnia,160,p,50.0861,19.9887
316,Przegon,321,p,50.0564,19.905
355,Raciborowice I,2271,r,50.1186,20.0406
302,Rączna I,2031,r,50.0081,19.7673
305,Rączna II,2032,r,50.0041,19.7666
320,Reymana,346,r,50.0614,19.9108
365,Rondo Grzegórzeckie,809,r,50.0578,19.959
419,Rondo Kocmyrzowskie,118,r,50.0797,20.0273
383,Rondo Piastowskie,143,r,50.0943,20.0112
311,Salwator,301,s,50.0529,19.9154
303,Ściejowice,2029,ś,50.0061,19.7789
314,Słonecznikowa,322,s,50.0592,19.896
412,Sołtysowska,175,s,50.0644,20.0196
358,Starowiślna,807,s,50.0571,19.9456
359,Stradom,819,s,50.0518,19.9417
423,Struga,106,s,50.0748,20.047
393,Szpital Rydygiera I,151,s,50.095,20.021
425,Szpital Żeromskiego,187,s,50.0664,20.0467
420,Teatr Ludowy,119,t,50.0816,20.0331
338,Warszówka,2162,w,50.1711,19.9754
325,Wawel,818,w,50.0544,19.9396
364,Św. Wawrzyńca,816,ś,50.0513,19.951
328,Węgrzce,2147,w,50.1197,19.967
327,Węgrzce Starostwo Powiatowe,2146,w,50.1145,19.9672
434,Wiadukty,122,w,50.0884,20.0566
441,Wzg. Krzesławickie I,124,w,50.0918,20.0606
300,Zagacie I,2043,z,50.0042,19.7022
299,Zagacie II,2044,z,49.9995,19.6962
397,Zajezdnia Bieńczyce,158,z,50.0913,20.0329
356,Zastów,2183,z,50.1212,20.0507
344,Żerkowice Skrzyżowanie,2157,ż,50.1907,19.9415
417,Żeromskiego,167,ż,50.0787,20.0389
454,Meksyk,216,m,,
455,Gwarecka,267,g,,
466,PH,5,p,,
505,Błonia Kościelnickie,226,b,,
566,Zalew Bagry,888,z,,
578,Bałuckiego,502,b,50.0497,19.9259
449,Bardosa,211,b,50.0678,20.0657
541,Bartnicza,248,b,50.0566,20.1868
461,Blokowa,109,b,50.0853,20.0744
453,Brama nr 5,215,b,50.0694,20.0924
530,Branice,260,b,50.0592,20.1369
529,Branice I,261,b,50.0583,20.1292
512,Branice Pagórek,257,b,50.0687,20.14
531,Branice Szkoła,259,b,50.0602,20.1432
588,Bułgarska,529,b,50.0282,19.9147
525,Chałupki,265,c,50.049,20.1221
526,Chałupki I,264,c,50.0477,20.1282
522,Cło,237,c,50.0804,20.1851
496,Czulice I,2190,c,50.1226,20.1873
475,Dojazdów PKS,2187,d,50.1275,20.1029
581,Zielińskiego,505,z,50.047,19.9125
497,Droga do Czulic,234,d,50.1123,20.1782
518,Drożyska,245,d,50.0651,20.1682
545,Dymarek,284,d,50.0522,20.1017
464,Elektromontaż,194,e,50.0879,20.0644
443,Grębałów,126,g,50.1012,20.0693
560,Gromadzka,671,g,50.0451,19.9783
585,Grota Roweckiego,528,g,50.0305,19.9252
552,Habina,224,h,50.0584,20.0312
510,Igołomska,251,i,50.0749,20.1502
506,Janówka,225,j,50.0794,20.1602
452,Jeżynowa,214,j,50.0647,20.0847
576,Kapelanka,523,k,50.0449,19.9219
546,Karowa,268,k,50.0605,20.108
584,Kobierzyńska,525,k,50.0343,19.9258
457,Koksochemia,217,k,50.0718,20.1044
450,Kopiec Wandy,212,k,50.0695,20.0671
571,Korona,556,k,50.044,19.9472
501,Kościelniki,230,k,50.105,20.1712
504,Krzyżówka,227,k,50.0902,20.1752
563,Łanowa,675,ł,50.0392,19.9923
555,Las Mogilski,183,l,50.0544,20.0494
547,Łęg,176,ł,50.0568,20.0083
554,Lesisko,182,l,50.054,20.0453
468,Lubocza Bugaj,196,l,50.0922,20.0746
467,Lubocza PKP,195,l,50.0886,20.0735
469,Lubocza Przychodnia,197,l,50.0949,20.0841
470,Lubocza Szkoła,198,l,50.095,20.0941
472,Luborzyca,2275,l,50.1464,20.1092
473,Luborzyca I,2274,l,50.1438,20.1084
480,Łuczanowice,206,ł,50.1073,20.1108
481,Łuczanowice I,205,ł,50.1098,20.1147
574,Most Grunwaldzki,501,m,50.0487,19.9317
565,Motyla,676,m,50.0375,19.9971
460,Mrozowa,108,m,50.0841,20.0718
551,N.M.P.,180,n,50.0602,20.024
550,Na Załęczu,179,n,50.0597,20.0248
549,Na Załęczu Szkoła,178,n,50.0588,20.021
553,Odmętowa,181,o,50.0564,20.0363
498,Os.Nowe,232,o,50.1129,20.1826
573,Os.Podwawelskie,554,o,50.0432,19.9349
582,Os.Robotnicze,506,o,50.0458,19.9092
509,Droga do Branic,220,d,50.0597,20.0267
570,Plac Bohaterów Getta,640,p,50.047,19.955
561,Lipska,674,l,50.0406,19.9842
564,Płaszów Szkoła,677,p,50.0372,19.9918
517,Podstawie,244,p,50.0687,20.167
568,Powstańców Wielkopolskich,642,p,50.0421,19.9616
580,Praska,504,p,50.0497,19.9206
479,Prusy,270,p,50.1097,20.081
477,Prusy WSR,2185,p,50.1187,20.0916
532,Przylasek Rusiecki,256,p,50.0462,20.1638
543,Przylasek Wyciąski,246,p,50.059,20.1768
583,Pychowice,507,p,50.038,19.8988
502,Resztówka,229,r,50.0989,20.1782
500,Rozjazd,231,r,50.1097,20.1756
589,Ruczaj,706,r,50.0264,19.9051
586,Ruczaj I,526,r,50.0316,19.9204
519,Ruszcza Cmentarz,222,r,50.0849,20.1497
514,Rzepakowa,252,r,50.0654,20.153
559,Saska,672,s,50.0451,19.9837
542,Siejówka,247,s,50.0572,20.181
577,Słomiana,524,s,50.0409,19.9244
572,Smolki,557,s,50.0417,19.9433
556,Stawy,184,s,50.0593,20.0503
456,Suchy Jar,266,s,50.0696,20.108
476,Sulechów,2186,s,50.1212,20.0952
474,Dojazdów Działki,2276,d,50.1311,20.1075
562,Szczecińska,673,s,50.0425,19.9906
567,Kuklińskiego,670,k,50.0452,19.9732
575,Szwedzka,522,s,50.0467,19.9255
485,Wadów,201,w,50.0974,20.1245
483,Wadów Osiedle,203,w,50.1054,20.122
495,Wadów os.Kolejowe,207,w,50.097,20.1287
493,Wadów Ośr.Pracy,208,w,50.0928,20.1332
484,Wadów Szkoła,202,w,50.1006,20.1255
494,Wadów Tunel,209,w,50.0915,20.1319
463,Walcownia,111,w,50.0897,20.0837
487,Węgrzynowice,274,w,50.1153,20.1537
488,Węgrzynowice Centrum,273,w,50.1107,20.1553
489,Węgrzynowice II,279,w,50.0764,20.0833
539,Wolica,239,w,50.063,20.1944
524,Wolica I,238,w,50.0679,20.1896
523,Wolica II,278,w,50.0725,20.1897
538,Wolica Kościół,250,w,50.055,20.2024
537,Wolica Las,240,w,50.056,20.2024
540,Wolica Sklep,249,w,50.0559,20.1934
520,Ruszcza,223,r,50.1003,20.1681
499,Wróżenice,233,w,50.1137,20.1897
508,Wyciąże,221,w,50.077,20.1539
516,Wyciąże II,243,w,50.0696,20.1623
515,Wyciąże Sklep,242,w,50.0723,20.1583
521,Wyciąże Wiadukt,236,w,50.079,20.1727
533,Za Torami,255,z,50.0504,20.1644
503,Zabłocie Kościelnickie,228,z,50.0949,20.1742
590,Zachodnia,530,z,50.0236,19.9107
465,Zajezdnia Nowa Huta,193,z,50.0837,20.0656
511,Zakład Przeróbki,219,z,50.0516,19.967
557,Zakole Wisły,668,z,50.0526,19.9895
447,Zesławice,130,z,50.1063,20.0439
446,Zesławice I,129,z,50.1057,20.0497
534,Żwirownia,254,ż,50.0541,20.1618
614,PT,4,p,,
718,Witosa,583,w,,
664,Barbary,665,b,50.0182,20.0275
703,Barycz,709,b,49.9852,20.0025
704,Barycz I,708,b,49.9885,20.0002
667,Bieżanów,715,b,50.0175,20.0685
676,Bieżanów Cmentarz,716,b,50.0108,20.0234
672,Bieżanów Kaim,720,b,50.0081,20.045
678,Bieżanów  Nowy,658,b,50.0125,20.0157
677,Bieżanów Nowy,702,b,50.0154,20.0231
670,Bieżanów Potrzask,721,b,50.0082,20.053
663,Bieżanów Szkoła,664,b,50.0194,20.0235
662,Bieżanów Trafo,663,b,50.0211,20.0166
630,Bieżanowska,646,b,50.0236,19.9808
659,Biskupińska,684,b,50.0354,20.0116
619,Kamieńskiego Wiadukt,617,k,50.0316,19.9487
612,Borsucza,551,b,50.0305,19.9288
613,Brożka,552,b,50.0305,19.9317
638,Brzegi,2203,b,50.0318,20.0952
712,Cechowa,630,c,50.0079,19.9744
728,Chałubińskiego,599,c,49.9831,19.937
621,Cmentarz Podgórski,643,c,50.0389,19.9647
600,Dąbrowa,520,d,50.0239,19.8482
686,Dom Spokojnej Starości,651,d,50.0093,20.0042
646,Domagały,696,d,50.033,20.0509
674,Drożdżownia PKP,718,d,50.0115,20.0362
623,Dworcowa,644,d,50.0333,19.9705
657,Fabryka Mebli,685,f,50.0363,20.0136
622,Farmina,679,f,50.0391,20.0045
693,Forty,608,f,49.9889,19.9568
650,Garbarnia,692,g,50.038,20.0424
719,Golkowice,607,g,49.9739,19.9673
656,Instal,686,i,50.037,20.0182
685,Instytut Pediatrii,650,i,50.0103,20.0002
668,Jasieńskiego,714,j,50.0171,20.0572
655,Jeżowa,687,j,50.0381,20.0271
624,Kabel,645,k,50.0271,19.9766
595,Kąty,725,k,50.0218,19.8274
706,Kosocice,633,k,49.9943,19.9893
707,Kosocice I,632,k,49.9995,19.9886
688,Kosocicka,637,k,50.0036,19.994
689,Kosocicka I,638,k,50.0036,20.0036
690,Kosocicka II,639,k,50.0045,20.0112
601,Kostrze,521,k,50.019,19.8428
607,Kostrze II,510,k,50.0339,19.8757
597,Kostrze Kapliczka,724,k,50.0269,19.8444
599,Kostrze OSP,513,k,50.0286,19.8521
605,Kostrze Szkoła,512,k,50.0291,19.8552
702,Krzemieniecka,729,k,49.9835,19.9954
675,Ks.Łaczka,717,k,50.0102,20.0288
709,Kurdwanów Szkoła,704,k,50.0054,19.966
694,Landaua,609,l,49.9883,19.9628
725,Lusina I,2231,l,49.9757,19.9231
640,Łutnia,701,ł,50.0406,20.0735
708,Łużycka,705,ł,50.007,19.9718
626,Makowa,620,m,50.0272,19.9663
627,Malborska I,624,m,50.0237,19.969
636,Młodzieży,661,m,50.0228,20.0027
631,Os.Na Kozłówce,636,o,50.019,19.9815
645,Nad Drwiną,723,n,50.0324,20.0569
715,Nowosądecka,627,n,50.0138,19.965
726,Opatkowice Krzyżówka,575,o,49.9799,19.9184
710,Os.Kurdwanów,588,o,50.0046,19.96
716,Piaski Nowe,634,p,50.0153,19.971
660,Płk. Dąbka,680,p,50.0364,20.0067
594,Podgórki,516,p,50.0527,20.0028
603,Podgórki Tynieckie,731,p,50.0064,19.8444
602,Podgórki Tynieckie I,730,p,50.01,19.841
644,Podwierzbie,700,p,50.0475,20.0606
637,Prokocim,648,p,50.0177,19.9909
632,Dauna,635,d,50.0168,19.9839
692,Prokocim CPN,653,p,50.0107,20.0081
680,Prokocim Nowy,656,p,50.0161,20.0122
635,Prokocim  Rynek,660,p,50.0236,19.9968
682,Prokocim Szpital,649,p,50.0145,19.9995
684,Prokocim UJ,652,p,50.01,19.9924
633,Prosta,659,p,50.0252,19.9919
641,Przewóz,698,p,50.0418,20.0625
642,Przewóz I,697,p,50.0428,20.0529
609,Pychowice I,508,p,50.0368,19.8946
608,Pychowice II,509,p,50.0351,19.8857
730,Pytlasińskiego,598,p,49.9866,19.9403
696,Rajsko Krzyżówka,611,r,49.9852,19.9782
697,Rajsko Sklep,532,r,49.9841,19.9836
610,Rondo Matecznego,558,r,50.0367,19.9405
653,Rybitwy Dom Kultury,689,r,50.0426,20.0352
654,Rybitwy Sklep,688,r,50.0415,20.0283
616,Rynek Fałęcki,727,r,50.0178,19.9242
611,Rzemieślnicza,559,r,50.0331,19.9386
604,Skotniki Szkoła,539,s,50.0164,19.8754
617,Fredry,577,f,50.0282,19.9428
699,Soboniowice,613,s,49.9794,19.9895
698,Soboniowice I,612,s,49.9822,19.9893
700,Soboniowice II,615,s,49.9729,19.989
711,Stojałowskiego,587,s,50.0051,19.9553
713,Studnia Miejska,629,s,50.0099,19.9713
618,Sucha,576,s,50.0243,19.9421
669,Sucharskiego I,713,s,50.0162,20.0509
731,Swoszowice,601,s,49.9903,19.946
738,Swoszowice Osiedle,592,s,49.9983,19.9459
732,Swoszowice Poczta,597,s,49.9906,19.9419
734,Swoszowice Sklep,596,s,49.9929,19.9395
736,Swoszowice Uzdrowisko,682,s,49.9917,19.9355
651,Szparagowa,691,s,50.0439,20.0455
628,Sławka,622,s,50.0262,19.9599
681,Teligi,655,t,50.0166,20.007
593,Tyniec,517,t,50.0154,19.809
591,Tyniec Kamieniołom,519,t,50.0084,19.8147
723,Ukraina,604,u,49.9756,19.9461
596,Wały Wiślane II,515,w,50.0241,19.8325
691,Wielicka,654,w,50.0063,20.0171
737,Wilga,594,w,49.995,19.9305
658,Hejnał,683,h,50.0207,19.974
634,Wlotowa,647,w,50.0192,19.9881
643,Wrobela,699,w,50.0476,20.0672
727,Wróblowice Rozwidlenie,603,w,49.9796,19.9445
729,Wróblowice Szkoła,602,w,49.9845,19.9445
721,Zbydniowice,605,z,49.9728,19.9473
720,Zbydniowice Szkoła,606,z,49.9735,19.9608
735,Zdrojowa,595,z,49.993,19.9356
817,PB,1,p,,
818,PW,2,p,,
819,PP,3,p,,
863,Ochojno Kamieniec,2214,o,,
875,Sodfiny Kolonia,2312,s,,
767,Babińskiego,536,b,50.0072,19.8807
810,Bora-Komorowskiego,877,b,50.0858,19.9794
747,Borek Fałęcki,562,b,50.0118,19.9265
824,Borek Fałęcki I,743,b,50.0145,19.9279
753,Borkowska,546,b,50.0047,19.9058
743,Bujaka,585,b,50.0099,19.9487
881,Buków,2290,b,49.953,19.8345
882,Buków Klin,2289,b,49.9466,19.8419
828,Bulwarowa I,288,b,50.071,20.0535
822,Conrada,444,c,50.0886,19.8992
878,Czulice,2192,c,50.127,20.1879
864,Dąbrówki,2213,d,49.9594,19.9634
865,Dąbrówki I,2212,d,49.9616,19.9543
802,Dobrzyczany,2227,d,49.9591,19.9292
774,Droga do Sidziny,572,d,49.9715,19.8763
820,Dworzec Płaszów,667,d,50.0346,19.9734
838,EC Łęg,285,e,50.0513,20.0039
751,Zawiła,534,z,50.0065,19.9011
790,Gaj Szkoła,2233,g,49.961,19.891
791,Gaj Zadziele,2234,g,49.9556,19.8895
876,Głęboka,2313,g,50.1331,20.1493
749,Góra Borkowska,563,g,50.0071,19.925
741,Halszki,586,h,50.0057,19.9488
840,Isep,286,i,50.055,20.0212
832,Jasnogórska,446,j,50.0986,19.8899
758,Judyma,564,j,50.002,19.9223
759,Kąpielowa,565,k,49.9981,19.9206
877,Karniów,2314,k,50.1315,20.1712
768,Kobierzyn,535,k,50.0073,19.8918
872,Kocmyrzów,2309,k,50.1335,20.1119
799,Konary,2230,k,49.9444,19.9214
854,Konary Buk,2272,k,49.9356,19.9356
800,Konary I,2229,k,49.9537,19.9336
805,Konary Włosań,2244,k,49.9334,19.9154
884,Kulerzów,2287,k,49.9453,19.8538
744,Kurdwanów,584,k,50.0139,19.95
750,Las Borkowski,545,l,50.0083,19.9069
763,Libertów,568,l,49.9734,19.9067
775,Libertów Krzyżówka,571,l,49.9716,19.8837
764,Libertów Szkoła,569,l,49.9725,19.8985
837,Lipowskiego,748,l,50.0151,20.0372
801,Lusina Górka,2228,l,49.9551,19.9299
826,Majora I,445,m,50.0919,19.9646
793,Mogilany Ośrodek Zdrowia,2270,m,49.9422,19.8928
794,Mogilany Wiadukt,2242,m,49.9369,19.8959
806,Mogilany Włosań,2243,m,49.9333,19.9065
740,Myślenicka,582,m,50.0059,19.9443
757,Narwik,550,n,50.0008,19.9168
860,Ochojno Skrzyżowanie,2215,o,49.9529,19.9741
823,Oleandry,345,o,50.0598,19.9207
761,Opatkowice,566,o,49.9872,19.9149
815,Opatkowice CPN,567,o,49.9836,19.9125
756,Os.Kliny,549,o,50.0006,19.9126
771,Os.Kolejowe,543,o,49.9905,19.864
777,Os.Radziszowskie,2250,o,49.9618,19.8164
836,Dwór Czeczów,747,d,50.0153,20.0405
844,Piasna Górka ,2238,p,49.9319,19.9739
868,Piekary Górne,2280,p,50.0182,19.7877
812,Podgaje,737,p,49.986,19.9039
762,Podstawki,574,p,49.9786,19.9105
770,Podlipki,542,p,49.9903,19.8595
833,Poronińska,740,p,49.9869,19.9182
745,Przykopy,579,p,50.0151,19.9454
795,Radziszów,2257,r,49.9067,19.8338
788,Radziszów Centrum,2252,r,49.9384,19.8101
789,Radziszów Kamionna,2251,r,49.9468,19.8112
798,Radziszów Podlesie,2255,r,49.9207,19.8214
786,Radziszów Włosanka,2254,r,49.9305,19.8207
787,Radziszów Zadworze,2253,r,49.9364,19.8157
778,Radziszowska,2249,r,49.971,19.8237
821,Rondo Grunwaldzkie,499,r,50.048,19.9304
855,Rzeszotary,2218,r,49.9435,19.9933
841,Rzeszotary Panciawa,2241,r,49.9348,19.9994
858,Rzeszotary Polanki,2217,r,49.9452,19.9811
857,Rzeszotary Szkoła,2220,r,49.9381,19.9732
856,Rzeszotary Trafo,2219,r,49.9393,19.9839
772,Sidzina,544,s,49.9884,19.8719
773,Sidzina Las,573,s,49.9726,19.8689
814,Sidzina Olszyny,735,s,49.9837,19.89
769,Sidzina Skrzyżowanie,540,s,49.9953,19.8524
779,Skawina,2008,s,49.9685,19.8298
783,Skawina Pawilon,2001,s,49.9758,19.8311
784,Skawina Podlipki,541,s,49.9863,19.8416
781,Skawina Rynek,2009,s,49.975,19.8279
785,Skawina Rzepnik,2000,s,49.9834,19.8379
752,Skośna,533,s,50.0115,19.8986
816,Smoleńskiego,738,s,49.9815,19.9198
879,Smoleńskiego I,750,s,49.985,19.9195
874,Sodfiny,2311,s,50.13,20.1373
746,Solvay,561,s,50.0164,19.9295
847,Świątniki Centrum,2209,ś,49.9342,19.9536
848,Świątniki Cmentarz,2208,ś,49.9343,19.9461
846,Świątniki Górne,2210,ś,49.9352,19.9627
849,Świątniki I,2207,ś,49.9426,19.9438
739,Swoszowice Autostrada,591,s,50.0008,19.9419
869,Szafrańska,881,s,50.0504,20.0093
871,Szczyglice Dom Kultury,2282,s,50.0936,19.8082
827,Szpital Rydygiera,876,s,50.0926,20.0217
813,Taklińskiego,736,t,49.9842,19.8955
792,Mogilany Rynek,2235,m,49.9663,19.8418
807,Włosań,2247,w,49.9136,19.903
809,Włosań Kopań,2245,w,49.9238,19.9198
808,Włosań Krzyżówka,2246,w,49.9179,19.9144
862,Wrząsowice,2211,w,49.9673,19.9535
850,Wrząsowice I,2204,w,49.9636,19.9459
851,Wrząsowice II,2205,w,49.96,19.9441
853,Wrząsowice III,2206,w,49.9481,19.947
825,Wybickiego I,443,w,50.0846,19.9307
804,Zagrody,2225,z,49.9692,19.9361
830,Komuny Paryskiej,742,k,50.0071,19.8967
755,Zawiszy,548,z,49.9997,19.9118
811,Złocień,733,z,50.0218,20.0512
748,Żywiecka,726,ż,50.0157,19.9198
834,Żyzna,741,ż,49.9828,19.8846
901,Rondo Polsad,882,r,,
903,Ślósarczyka,752,ś,,
915,Dajwór,297,d,,
918,Cmentarz Rząska,886,c,,
948,Golkowice Kościół,295,g,,
958,Wrobela I,758,w,,
964,Niepołomice Kolejowa,2600,n,,
1005,Cmentarz Grębałów I,9911,c,,
1006,Łowińskiego Parking,9912,ł,,
1009,Tyniecka Osiedle,2335,t,,
978,Bębło Lasek,2326,b,50.1832,19.7777
976,Bębło Stara Wieś,2324,b,50.1845,19.7922
977,Bębło Łabajowa,2325,b,50.1798,19.7857
982,Będkowice,2330,b,50.168,19.7521
980,Będkowice Kawiory,2328,b,50.1786,19.7621
979,Będkowice Mosurowa,2327,b,50.1808,19.7673
923,Beskidzka,832,b,50.0185,19.9517
928,Bobrzyńskiego,292,b,50.0205,19.898
889,Burów,2294,b,50.0952,19.7694
890,Burów I,2293,b,50.0937,19.7742
886,Chorowice,2285,c,49.9496,19.8694
897,Cmentarz Batowice,848,c,50.1017,19.9832
975,Czajowice,2323,c,50.1897,19.7977
965,Czyżyny Dworzec,271,c,50.0749,20.0149
907,Dąbrowa Szlachecka Figurka,2307,d,49.9958,19.7435
910,Dąbrowa Szlachecka Krzyż,2308,d,49.9984,19.7511
912,Droga do Baryczy,2222,d,49.9994,20.0283
913,Droga do Kujaw,290,d,50.07,20.1017
896,Górskie Domy,2295,g,49.9817,19.7668
955,Goszyce,2195,g,50.1713,20.1251
954,Goszyce Remiza,2196,g,50.1788,20.1322
895,Grotowa,2297,g,49.9846,19.7547
891,Grzybów,2292,g,50.0906,19.7825
933,Iwanowice,2011,i,50.2206,19.9794
929,Kampus UJ,293,k,50.0176,19.89
1020,Karniowice,2266,k,50.1523,19.7739
1022,Karniowice I,2265,k,50.1494,19.7791
1021,Brzezie Narodowe,2268,b,50.1186,19.8033
946,Klimeckiego,294,k,50.0488,19.968
935,Kliny Zacisze,298,k,50.0014,19.9007
1019,Kobylany,2342,k,50.1473,19.7621
887,Kopce,2284,k,49.9442,19.8694
959,Kraków Plaza,452,k,50.063,19.9839
947,Krakowska Akademia,744,k,50.0513,19.9633
997,Krzesławice,879,k,50.0844,20.0541
1018,Krzeszowice,2363,k,50.1316,19.6371
885,Kulerzów Wąwóz,2286,k,49.9451,19.8622
925,Kuźnicy Kołłątajowskiej I,448,k,50.0983,19.9581
922,Łagiewniki,553,ł,50.0298,19.9364
932,Leśna,2005,l,50.09,19.7868
1024,Lipka,2340,l,50.1338,19.7785
951,Łososkowice,2199,ł,50.1877,20.1602
952,Łososkowice Szkoła,2198,ł,50.1906,20.1563
937,Lubostroń,531,l,50.0149,19.9021
1003,Lusina Dwór,2232,l,49.9741,19.9266
1002,Lusina Spacerowa,2258,l,49.9705,19.9306
1001,Lusina Szkoła,2259,l,49.9676,19.9299
930,M1 Al. Pokoju,885,m,50.0656,19.9969
941,Mała Góra,765,m,50.0139,20.0282
995,Meissnera,590,m,50.0754,19.9795
996,Młyn,880,m,50.0802,20.0568
986,Modlnica,2015,m,50.1306,19.8631
969,Modlnica II,2317,m,50.1363,19.8655
985,Modlnica Skrzyżowanie,2014,m,50.1246,19.8678
968,Modlnica I Kolonia,2316,m,50.1278,19.8703
984,Modlniczka,2013,m,50.1199,19.8547
888,Mogilany Cmentarz,2283,m,49.9449,19.8836
974,Murownia,2322,m,50.1783,19.8141
1015,Muzeum Armii Krajowej,460,m,50.071,19.949
939,Os.Na Stoku,156,o,50.0978,20.0502
960,Park Jordana,453,p,50.0603,19.9179
1004,Park Wodny,874,p,50.0901,19.9823
944,Pod Fortem,299,p,49.9992,19.8981
1014,Pod Lipą,614,p,49.9753,19.9865
1013,Podgórki Skawińskie,2331,p,49.9967,19.8188
956,Polana Żywiecka,836,p,50.011,19.9091
962,Przegorzały UJ,870,p,50.0486,19.8663
904,Przy Kuźni,754,p,50.004,19.9894
921,Rżąka ,883,r,50.0062,20.0109
1012,Samborek Most,2332,s,49.9888,19.8111
1008,Skawina Sąd,2336,s,49.9759,19.8176
1007,Skawina Szkoła,2337,s,49.9757,19.8227
1010,Skawińska,2334,s,49.9845,19.8164
953,Skrzeszowice,2197,s,50.1886,20.1446
970,Szyce II,2318,s,50.143,19.8624
971,Szyce I,2319,s,50.1513,19.8534
919,Tischnera,871,t,50.0297,19.9449
989,Tomaszowice,2018,t,50.1343,19.8416
987,Tomaszowice Wedonka,2016,t,50.1335,19.8556
990,Tonie Gliniki,406,t,50.117,19.8942
966,Tor Kajakowy,589,t,50.0318,19.8279
936,Torfowa,450,t,50.0184,19.9058
993,Trojadyn,2121,t,50.1358,19.8713
991,Trojadyn Szydło,2119,t,50.1251,19.8846
992,Trojadyn Trafo,2120,t,50.1289,19.8807
999,Turowicza,578,t,50.0193,19.9452
1017,Ujazd Pętla,2262,u,50.1352,19.8204
957,Urząd Skarbowy Nowa Huta,831,u,50.1049,20.0121
1025,Więckowice,2341,w,50.1376,19.77
899,Wieliczka,2302,w,49.9863,20.0749
900,Wieliczka CPN,2300,w,49.9932,20.0427
898,Wieliczka Cmentarz,2301,w,49.9874,20.0648
911,Wieliczka Kościół,2223,w,49.9886,20.0546
972,Wielka Wieś,2320,w,50.1568,19.8432
949,Wola Luborzycka,2193,w,50.16,20.1168
950,Wola Luborzycka Las,2194,w,50.1643,20.1189
894,Wołowice,2298,w,49.9893,19.7272
909,Wołowice Kapliczka,2306,w,49.9865,19.7279
938,Wróblowice Cmentarz,890,w,49.9799,19.9549
940,Wróblowice Dom Kultury,891,w,49.9795,19.9495
927,Wydz. Biologii UJ,291,w,50.0245,19.9021
906,Wysyłek,2304,w,50.1544,20.0336
942,Zabierzów Gimnazjum,2006,z,50.1167,19.7999
916,Zagórzyce Dworskie,2003,z,50.1749,20.0395
917,Zagórzyce Stare,2004,z,50.1674,20.035
926,Zajezdnia Podgórze,739,z,50.0335,19.9348
908,Zawierzbie,2305,z,49.9818,19.7449
902,Zawiła Cmentarz,753,z,50.0092,19.9142
1052,Galeria Kazimierz,732,g,,
1054,Kleszczów,2168,k,,
1061,Piekiełko,7760,p,,
1068,Bosutów Polindus,2378,b,,
1070,Bosutów Krzyż,2376,b,,
1073,Węgrzce Magiczne Wzgórze,2373,w,,
1074,Węgrzce Centrum Medyczne,2372,w,,
1075,Bibice Cmentarz,2277,b,,
1076,Zielonki Cegielnia,2380,z,,
1081,TR,9914,t,,
1085,Stacja tankowania gazu,10000,s,,
1102,Skawina Korabnicka Szkoła,2412,s,,
1106,Brzeźnica,2425,b,,
1108,Brzeźnica Pasieka,2424,b,,
1109,Brzeźnica Kuźnia,2423,b,,
1138,Raciborowice Centrum,2450,r,,
1139,Kończyce,2451,k,,
1140,Książniczki Boisko,2452,k,,
1141,Młodziejowice Park,2456,m,,
1142,Książniczki Centrum,2453,k,,
1143,Książniczki Las,2454,k,,
1144,Młodziejowice Młyn,2455,m,,
1145,Michałowice Ogrodowa,2457,m,,
1146,Korzkiew I,2460,k,,
1147,Korzkiew II,2461,k,,
1148,Grębynice I,2462,g,,
1149,Grębynice II,2463,g,,
1150,Grębynice Mogiełki,2464,g,,
1151,Maszyce II,2465,m,,
1152,Maszyce Skrzyżowanie,2467,m,,
1153,Smardzowice,2469,s,,
1154,Zabłocie,619,z,,
1155,Powstańców Garaże,766,p,,
1156,Kraków Business Park,2470,k,,
1157,Węgrzce Wielkie,2478,w,,
1158,Kokotów I,2474,k,,
1159,Czarnochowice I,2472,c,,
1160,Czarnochowice VI,2471,c,,
1161,Węgrzce Wielkie III,2477,w,,
1162,Kokotów II,2475,k,,
1163,Węgrzce Wielkie II,2476,w,,
1083,Baczyńskiego,763,b,50.0033,19.8693
1131,Bohomolca,768,b,50.0951,19.9894
1117,Borek Szlachecki II,2415,b,49.9648,19.7705
1067,Bosutów,2379,b,50.1286,19.9831
1071,Bosutów Dziekanowice,2375,b,50.1096,19.9904
1069,Bosutów Straż,2377,b,50.1232,19.994
1047,Brzezie,2264,b,50.1282,19.8218
1028,Brzezinka,2345,b,50.1378,19.7387
1029,Brzezinka Skrzyżowanie,2346,b,50.1353,19.7397
1027,Brzezinka Zarzecze,2344,b,50.1382,19.7479
1063,Czerwieńskiego,762,c,50.084,19.9032
1035,Dubie,2352,d,50.1449,19.6935
1082,Dworzec Główny Zachód (Galeria),760,d,50.0675,19.9448
1051,Fort Mogiła,889,f,50.0663,20.0712
1049,Głowackiego,169,g,50.0761,19.9053
1090,Gołuchowice,2396,g,49.9463,19.7847
1092,Gołuchowice Sklep,2398,g,49.9408,19.7725
1094,Grabie Polanka,2400,g,49.9338,19.7523
1062,Janasówka,761,j,49.9997,19.8177
1111,Jaśkowice PKP,2421,j,49.9608,19.6742
1110,Jaśkowice,2422,j,49.96,19.6668
1077,Kapkazy,2384,k,50.1548,20.0998
1053,Korabniki,2248,k,49.9747,19.8584
1097,Krzęcin,2405,k,49.9531,19.7297
1098,Krzęcin Kapliczka,2404,k,49.9453,19.7332
1096,Krzęcin Kościół,2402,k,49.9438,19.7413
1095,Krzęcin Sklep,2401,k,49.9419,19.7488
1045,Krzeszowice Szkoła,2362,k,50.1346,19.638
1044,Krzeszowice Witaminka,2361,k,50.1319,19.6483
1056,Las Michałowski,2366,l,50.1545,19.9491
1050,Leroy Merlin,2273,l,50.1062,19.8503
1121,Łuczyce,2388,ł,50.1603,20.083
1078,Łuczyce PKP,2387,ł,50.161,20.0779
1130,Marchołta,767,m,50.0929,19.9879
1057,Michałki,2365,m,50.15,19.9573
1055,Michałowice Ujęcie Wody,2367,m,50.1583,19.9665
1040,Młynka,2357,m,50.1193,19.6922
1046,Modlniczka Trzcie,2261,m,50.1095,19.8393
1042,Nawojowa Góra I,2359,n,50.1251,19.6724
1043,Nawojowa Góra II,2360,n,50.1283,19.6572
1036,Pisary,2353,p,50.1352,19.693
1037,Pisary Kiosk,2354,p,50.1256,19.6968
1041,Pisary Skrzyżowanie,2358,p,50.1231,19.6814
1093,Polanka Hallera Dwór,2399,p,49.9376,19.7659
1084,Przybysławice III,2386,p,50.1598,19.8969
1033,Radwanowice I,2349,r,50.141,19.7073
1032,Radwanowice Pętla,2350,r,50.1482,19.7093
1066,Rondo Barei,866,r,50.0891,19.9742
1030,Rudawa Bloki,2347,r,50.1272,19.7209
1031,Rudawa Kościół,2348,r,50.1225,19.7118
1064,Rudawa Młyn,2369,r,50.1143,19.7017
1039,Rudawa Szkoła,2356,r,50.1233,19.7069
1087,Rzozów Baseny,2393,r,49.9624,19.806
1088,Rzozów I,2394,r,49.958,19.8013
1089,Rzozów Szkoła,2395,r,49.9525,19.7943
1132,Skawina Centrum Wodne,2442,s,49.9712,19.8256
1137,Skawina Cmentarz Komunalny,2441,s,49.968,19.8529
1104,Skawina Elektrownia,2407,s,49.9729,19.8027
1086,Skawina Koncentraty,2392,s,49.9728,19.8146
1136,Skawina Kopernika I,2440,s,49.9661,19.8503
1101,Skawina Korabnicka,2411,s,49.9741,19.8462
1103,Skawina Piłsudskiego,2408,s,49.9718,19.7981
1107,Skawina Podbory,2413,s,49.9688,19.7854
1100,Skawina Wyspiańskiego,2410,s,49.9747,19.8558
1105,Skawina Zachodnia,2406,s,49.973,19.8071
1079,Węgrzce Błonie,2382,w,50.1258,19.9748
1080,Węgrzce Pętla,2381,w,50.1287,19.9751
1072,Węgrzce Sudół,2374,w,50.1093,19.9806
1114,Wielkie  Drogi,2418,w,49.9589,19.7221
1112,Wielkie Drogi Trzebol,2420,w,49.9607,19.6857
1128,Wola Radziszowska,2435,w,49.9025,19.7684
1127,Wola Radziszowska Centrum,2434,w,49.9076,19.7871
1129,Wola Radziszowska Chorzyny,2436,w,49.9039,19.7763
1126,Wola Radziszowska Lipki,2433,w,49.9101,19.7987
1124,Wola Radziszowska Mała Ostra Góra,2431,w,49.9068,19.8144
1125,Wola Radziszowska Most,2432,w,49.9075,19.8044
1119,Wysiołek Luborzycki,2383,w,50.1514,20.1057
1116,Zelczyna I,2416,z,49.9625,19.7583
1115,Zelczyna Sklep,2417,z,49.9602,19.7475
1164,Pszona,770,p,,
1165,Brodowicza,771,b,,
1166,Sikorki,773,s,,
1167,Wieliczka Kopalnia Soli,2391,w,,
1168,Wieliczka Rynek,2390,w,,
1169,Krzęcin Cmentarz,2443,k,,
1170,Zelczyna Szkoła,2426,z,,
1171,Ochodza,2427,o,,
1173,Dworzec Główny Tunel,901,d,,
1174,Maszyce Remiza,2466,m,,
1175,Smardzowice IV,2468,s,,
1176,Giebułtów Plac Zabaw,2489,g,,
1177,Giebułtów Morgi,2490,g,,
1178,Będkowice Pętla,121342423,b,,
1179,Rzozów Skotnica,2480,r,,
1180,Rzozów PKP,2482,r,,
1181,Rzozów Zagonnie,2481,r,,
1182,Radziszów Kładka,2483,r,,
1183,Radziszów Zacisze,2484,r,,
1184,Radziszów Podwale,2485,r,,
1185,Radziszów Zawodzie,2486,r,,
1186,Radziszów PKP,2487,r,,
1187,Nielepice,2200,n,,
1188,Krzysztoforzyce,2543,k,,
1189,Piekary Pałac,2488,p,,
1190,Krzyszkowice Os. Szymanowskiego,2496,k,,
1191,Krzyszkowice Kościół,2495,k,,
1192,Krzyszkowice Kasztanowa I,2494,k,,
1193,Krzyszkowice Kasztanowa II,2493,k,,
1194,Krzyszkowice Modrzewiowa,2492,k,,
1195,Krzyszkowice Różana,2491,k,,
1196,Lusina Łany,2500,l,,
1197,Nowa Wieś Jesionka,2514,n,,
1198,Przeginia Duchowna Szkoła,2513,p,,
1199,Przeginia Duchowna Centrum,2512,p,,
1200,Czernichów II,2507,c,,
1201,Przeginia Narodowa II,2510,p,,
1202,Dąbrowa Szlachecka,2501,d,,
1203,Czernichów Stacja Paliw,2505,c,,
1204,Czernichów GS,2506,c,,
1205,Wołowice Sklep,2502,w,,
1206,Wołowice III,2503,w,,
1207,Wołowice Niwa,2504,w,,
1208,Rybna Nowy Świat,2522,r,,
1209,Rybna,2519,r,,
1210,Rybna II,2521,r,,
1211,Rybna I,2520,r,,
1212,Rybna Ośrodek Zdrowia,2517,r,,
1213,Rybna Dół,2518,r,,
1214,Przeginia Duchowna,2516,p,,
1215,Czułówek,2515,c,,
1216,Rączna Podlas,2524,r,,
1217,Rączna Dzikowiec,2523,r,,
1218,Ratanice,2525,r,,
1219,Ratanice I,2526,r,,
1220,Kłokoczyn,2527,k,,
1221,Kamień,2534,k,,
1222,Kamień Dół,2533,k,,
1223,Rusocice II,2532,r,,
1224,Rusocice I,2530,r,,
1225,Rusocice Łęg,2528,r,,
1226,Czernichów Bór,2508,c,,
1227,Przeginia Narodowa,2509,p,,
1228,Przeginia Duchowna Bar,2511,p,,
1229,Rusocice Skład,2529,r,,
1230,Rusocice Wieś,2531,r,,
1231,Łuczyce Zjawienie,2389,ł,,
1232,Wielkie Drogi Ośrodek Zdrowia,2428,w,,
1233,Wielkie Drogi Szkoła,2429,w,,
1234,Wrząsowice Kowaleca,2201,w,,
1235,Nielepice Stadnina,2536,n,,
1236,Pisary Dwór,2537,p,,
1237,Dąbrowa Szlachecka Krzemiennik,2535,d,,
1238,Muzeum Inżynierii Miejskiej,9913,m,,
1239,Most Kotlarski,892,m,,
1240,Balice II,2538,b,,
1241,Wydział Zarządzania UJ,776,w,,
1242,Dąbrowa I,774,d,,
1243,Os.Łokietka,775,o,,
1244,Skawina PKP,2444,s,,
1245,Grotowa I,2540,g,,
1246,Ściejowice Na Bagnach,2539,ś,,
1247,Siwka,9915,s,,
1248,Krzysztoforzyce Góra,2541,k,,
1249,Krzysztoforzyce Sklep ,2542,k,,
1250,Balice PKP,10001,b,,
1251,Terminal Międzynarodowy,10002,t,,
1252,Terminal Krajowy,10003,t,,
1253,Puszkarska,777,p,,
1255,Bonarka,778,b,,
1256,Krzysztoforzyce przy Dworze,2544,k,,
1257,Kocmyrzów Krzyżówka,2545,k,,
1258,Bojki,780,b,,
1259,Wysłouchów,779,w,,
1260,Rusocice Jałowce,2547,r,,
1261,Rusocice Załęg,2546,r,,
1264,Wiktorowice Granica,2554,w,,
1265,Zastów Działki,2548,z,,
1266,Wiktorowice Skrzyżowanie,2549,w,,
1267,Wiktorowice Centrum,2553,w,,
1268,Wiktorowice Rozdzielnia Wód,2550,w,,
1269,Maciejowice Góra,2551,m,,
1270,Maciejowice,2552,m,,
1271,Białoprądnicka,781,b,,
1272,Fiszera,10005,f,,
1273,Radzikowskiego Osiedle,10006,r,,
1274,Chobot,2617,c,,
1275,Niepołomice Moczydło,2601,n,,
1276,Niepołomice Dworzec,2602,n,,
1277,Niepołomice Rynek,2603,n,,
1278,Niepołomice Batorego,2604,n,,
1279,Niepołomice Batorego II,2605,n,,
1280,Wola Batorska Ruskie,2608,w,,
1281,Wola Batorska Żwirownia,2609,w,,
1282,Wola Batorska Kościół,2610,w,,
1283,Wola Batorska Cmentarz,2611,w,,
1284,Wola Batorska Borek,2612,w,,
1285,Wola Batorska Mikoniowiec,2613,w,,
1286,Wola Batorska Zamoglice,2614,w,,
1287,Zabierzów Bocheński Centrum,2615,z,,
1288,Chobot Leśniczówka,2618,c,,
1289,Niepołomice Jazy,2606,n,,
1290,Niepołomice Jazy II,2607,n,,
1291,Wola Zabierzowska,2616,w,,
1292,Grabie Szczurów,2621,g,,
1293,Grabie Dom Kultury,2622,g,,
1294,Brzegi III,2620,b,,
1295,Grabie Kościół,2623,g,,
1296,Niepołomice Podgrabie,2624,n,,
1297,Niepołomice Pasternik,2625,n,,
1262,Rzebika,678,r,50.0404,19.993
1263,Mały Płaszów,711,m,50.0397,20.0
1254,Zajezdnia Wola Duchacka,623,z,50.0241,19.9604
1298,Niepołomice Kątek,2626,n,,
1299,Niepołomice Poręby,2627,n,,
1300,Niepołomice Diesla,2628,n,,
1301,Niepołomice Wodna,2629,n,,
1302,Niepołomice Płaszowska I,2630,n,,
1303,Niepołomice Kościuszki,2631,n,,
1304,Ochmanów Otaczarnia,3639,o,,
1305,Zakrzów,2638,z,,
1306,Niepołomice Boryczów,2632,n,,
1307,Niepołomice Wielicka,2633,n,,
1308,Staniątki Wiadukt,2634,s,,
1309,Podłęże Centrum,2635,p,,
1310,Podłęże Straż,2636,p,,
1311,Podłęże Balachówka,2637,p,,
1312,Węgrzce Sudół I,2570,w,,
1313,Ochmanów Oknoplast,2639,o,,
1314,Podłęże Przedszkole,3636,p,,
1315,Słomniki Osiedle,2662,s,,
1316,Słomniki Rynek,2661,s,,
1317,Słomniki Zagłoby,2660,s,,
1318,Polanowice,2656,p,,
1319,Marszowice Góry,2652,m,,
1320,Wysiołek Luborzycki Radwany,2651,w,,
1321,Wysiołek Luborzycki I,2650,w,,
1322,Marszowice,2653,m,,
1323,Polanowice Kolonia,2655,p,,
1324,Marszowice I,2654,m,,
1325,Ratajów Skrzyżowanie,2659,r,,
1326,Niedźwiedź PKP,2657,n,,
1327,Niedźwiedź Felix,2658,n,,
1328,Agatowa,782,a,,
1329,Ochodza Dom Ludowy,2445,o,,
1330,Ochodza Staw,2446,o,,
1331,Ochodza Odwiśle,2447,o,,
1332,Wola Luborzycka Działki,2571,w,,
1333,Mników Pańska Góra,9201,m,,
1334,Mników Skały,9202,m,,
1335,Czułów Skały,9203,c,,
1336,Wola Radziszowska Podgaźle,2449,w,,
1337,Wola Radziszowska Łęg,2448,w,,
1338,Czułówek Kapliczka,10500,c,,
1339,Sanka Skrzyżowanie,10501,s,,
1340,Rybna Dolna,10503,r,,
1341,Rybna Zagórze,2582,r,,
1342,Rybna Granica,10555,r,,
1343,Jeziorzany Kościół,10556,j,,
1344,Czułów Kapliczka,10554,c,,
1345,Rączna Kościół,10505,r,,
1346,Bunscha,783,b,,
1347,Konary Sęk,2499,k,,
1348,Podgrabie Most,10222,p,,
1349,Niepołomice Fabryczna,cvn,n,,
1350,Fort Winnica,10557,f,,
1351,Winnicka,10558,w,,
1352,Giebułtów Zbiornik,2458,g,,
1353,Modlniczka Poligon,2459,m,,
1354,Krzęcin Częsna,232323223,k,,
1355,Będkowice Pętla,10007,b,,
1356,Niepołomice Fabryczna,10004,n,,
1357,Krzęcin Częsna,2497,k,,
1358,Lipińskiego,10550,l,,
1359,Ruczaj-Zaborze,10551,r,,
1365,Czułówek Kapliczka,2584,c,,
1366,Sanka Skrzyżowanie,2580,s,,
1367,Rybna Dolna,2583,r,,
1368,Rybna Granica,2581,r,,
1369,Jeziorzany Kościół,2586,j,,
1370,Rączna Kościół,2585,r,,
1371,Fort Winnica,784,f,,
1372,Winnicka,785,w,,
1373,Cmentarz Batowice Wschód,10500,c,,
1374,Śliwiaka,758,ś,,
1375,Fiszera,786,f,,
1376,Radzikowskiego Osiedle,787,r,,
1377,Karowa I,788,k,,
1378,Centrum JP II,30303,c,,
2451,Bronowice Małe ,131311312,b,,
2453,Centrum JP II,789,c,,
2454,Kopanka Przeryte Pętla,10525,k,,
2455,Kopanka II,20555,k,,
2456,Kopanka Kapliczka,10524,k,,
2457,Kopanka Szkoła,10254,k,,
2458,Robotnicza,20557,r,,
2459,Skawina Energetyków,10256,s,,
2460,Jurczyce Dom Ludowy,10875,j,,
2461,Jurczyce Szkoła,10475,j,,
2462,Jurczyce Podole,10563,j,,
2463,Radziszów Za Mogiłką,10785,r,,
2464,Grabie Kuźnia,10645,g,,
2465,Grabie,10954,g,,
2466,Skawina Nad Potokiem,3mik3irm,s,,
2467,Zabawa,10541,z,,
2468,Mała Wieś,10545,m,,
2469,Sułków,10544,s,,
2476,Skawina Podlipki,2599,s,,
2478,Skawina Tyniecka Osiedle,2335,s,,
2482,Kopanka,2592,k,,
2483,Kopanka II,2591,k,,
2484,Kopanka Kapliczka,2590,k,,
2485,Kopanka Szkoła,2589,k,,
2486,Skawina Robotnicza,2588,s,,
2487,Skawina Energetyków,2587,s,,
2488,Jurczyce Dom Ludowy,2595,j,,
2489,Jurczyce Szkoła,2596,j,,
2490,Jurczyce Podole,2597,j,,
2491,Radziszów Za Mogiłką,2598,r,,
2492,Grabie Kuźnia,2594,g,,
2493,Grabie,2593,g,,
2494,Skawina Nad Potokiem,2498,s,,
2495,Zabawa,2642,z,,
2496,Mała Wieś,2641,m,,
2497,Sułków,2640,s,,
2498,Mogilany Cicha,4234234,m,,
2500,Cracovia Błonia,893,c,,
2501,Cracovia Stadion,894,c,,
2502,Wieliczka Park,10555,w,,
2503,Wieliczka Park,2643,w,,
2452,Aleja 29 Listopada,844,a,50.0892,19.9586
2481,Skawina Korabniki,2248,s,49.9747,19.8584
2471,Skawina Os.Radziszowskie,2250,s,49.9618,19.8164
2472,Skawina Radziszowska,2249,s,49.971,19.8237
2480,Skawina Samborek Most,2332,s,49.9888,19.8111
2470,Brzyczyna,573,b,49.9726,19.8689
2474,Skawina Popiełuszki,2002,s,49.9746,19.8317
2475,Skawina Cmentarz,2001,s,49.9758,19.8311
2479,Skawina Tyniecka,2334,s,49.9845,19.8164
2499,Mogilany Cicha,2025,m,50.0233,19.7705
1362,Wadów Ośrodek Pracy,208,w,50.0928,20.1332
1364,Wielkie Drogi,2418,w,49.9589,19.7221
1363,Wydział Biologii UJ,291,w,50.0245,19.9021
2504,Wzgórza Krzesław I,124,w,50.0918,20.0606
2505,Michałowice Ośrodek Zdrowia,2644,m,,
2506,Michałowice Kwiaty Polne,2368,m,,
2508,Wieliczka Niepołomska,10558,w,,
2509,Wieliczka Niepołomska,3645,w,,
2510,Zabawa I,2645,z,,
2511,Batowice Stacja PKP,3000,b,,
2512,Wola Zachariaszowska Kresy,3001,w,,
2513,Wileńska,43545345,w,,
2514,Wileńska,7904234,w,,
2515,Wileńska,838,w,,
2516,Mobilis,10,m,,
2517,Śliwiaka Zakłady,759,ś,,
2519,Garlica Duchowna Rozjazd,343434,g,,
2520,Garliczka Chochół,353535,g,,
2521,Owczary Górna,363636,o,,
2522,Owczary Długa,373737,o,,
2523,Owczary Gajowa,383838,o,,
2578,Weigla,757,w,,
2609,Bieżanów Granica Miasta,2471,b,,
2610,Ślaskiego,774,ś,,
2611,Balice PKP,2568,b,,
2612,Kraków Airport T2,2567,k,,
2613,Dziekanowice Stacja Batowice,3000,d,,
2624,MOBILIS,10,m,,
2628,Garlica Duchowna Rozjazd,2674,g,,
2629,Garliczka Chochół,2673,g,,
2630,Owczary Górna,2672,o,,
2631,Owczary Długa,2670,o,,
2632,Owczary Gajowa,2671,o,,
2637,Lusina Granica,2555,l,,
2638,Libertów Dolny,2556,l,,
2530,Przybyszewskiego,351,p,50.0709,19.8984
2533,Armii Krajowej,352,a,50.0717,19.892
2539,Rondo Hipokratesa,162,r,50.0901,20.0219
2543,Wańkowicza,121,w,50.0871,20.0472
2581,Nowy Bieżanów Południe,658,n,50.0125,20.0157
2580,Nowy Bieżanów,702,n,50.0154,20.0231
2576,Zajezdnia Płaszów,684,z,50.0354,20.0116
2532,Bosaków,860,b,50.0828,19.9639
2603,Bulwarowa Ogródki Działkowe,288,b,50.071,20.0535
2596,Łużycka,630,ł,50.0079,19.9744
2544,Sołtysowska,173,s,50.0669,20.0121
2623,Wielicka Granica Miasta,2222,w,49.9994,20.0283
2640,Wróżenicka,234,w,50.1123,20.1782
2579,Bieżanów Drożdżownia PKP,718,b,50.0115,20.0362
2605,Świdzińskiego,749,ś,50.0105,20.0325
2608,Dworzec Główny Zachód,760,d,50.0675,19.9448
2614,Drożdżowa,719,d,50.0125,20.0417
2574,Biskupińska,685,b,50.0363,20.0136
2570,Surzyckiego,679,s,50.0391,20.0045
2587,Fort Swoszowice,608,f,49.9889,19.9568
2616,Na Budzyniu,404,n,50.1118,19.8933
2615,Gaik,442,g,50.1087,19.8787
2550,Gustawa Morcinka,127,g,50.104,20.0722
2635,Balice Grzybów,2292,b,50.0906,19.7825
2573,Albatrosów,686,a,50.037,20.0182
2548,Suche Stawy,210,s,50.0675,20.0591
2547,Sieroszewskiego,186,s,50.0661,20.0513
2643,Ostafina,230,o,50.105,20.1712
2594,Niebieska Autostrada,632,n,49.9995,19.9886
2593,Szczegów,707,s,49.9935,19.9958
2583,Hallera,637,h,50.0036,19.994
2584,Słona Woda,638,s,50.0036,20.0036
2566,Fort Bodzów,511,f,50.0316,19.865
2567,Górka Pychowicka,510,g,50.0339,19.8757
2528,Batalionu  Skała  AK,386,b,50.0888,19.9234
2644,Kościelniki,227,k,50.0902,20.1752
2606,Natansona,449,n,50.096,19.9482
2507,Michałowice Las Michałowski,2366,m,50.1545,19.9491
2557,Lasek Mogilski,183,l,50.0544,20.0494
2636,Balice Leśna,2005,b,50.09,19.7868
2595,Cechowa,705,c,50.007,19.9718
2602,Sudolska,445,s,50.0919,19.9646
2541,Nad Dłubnią,159,n,50.0893,20.0391
2571,Sułkowskiego,624,s,50.0237,19.969
2545,Sołtysowska Zakłady,174,s,50.0642,20.0145
2525,Mydlniki Granica Miasta,368,m,50.0901,19.8373
2556,Siwka,177,s,50.0583,20.0165
2537,Lema,112,l,50.0639,19.9876
2639,Ważewskiego,567,w,49.9836,19.9125
2600,Tretówka,543,t,49.9905,19.864
2641,Wróżenice Górka,232,w,50.1129,20.1826
2622,Skawina Os. Radziszowskie,2250,s,49.9618,19.8164
2526,Pachońskiego,410,p,50.0952,19.9315
2619,Leszka Białego,280,l,50.0958,20.0513
2561,Bolesława Śmiałego,516,b,50.0527,20.0028
2565,Bagienna,730,b,50.01,19.841
2599,Warchałowskiego,542,w,49.9903,19.8595
2620,Jana Kaziemierza,155,j,50.095,20.0471
2535,Kraków Airport T1,2070,k,50.0714,19.7999
2527,Prądnik Biały,411,p,50.0962,19.9302
2529,Piaszczysta,420,p,50.0965,19.9321
2542,Makuszyńskiego,160,m,50.0861,19.9887
2582,Nowy Prokocim,656,n,50.0161,20.0122
2572,Ks. Targosza,697,k,50.0428,20.0529
2560,Park  Skały Twardowskiego ,507,p,50.038,19.8988
2569,Pychowice,508,p,50.0368,19.8946
2568,Rodzinna,509,r,50.0351,19.8857
2588,Geologów,611,g,49.9852,19.9782
2642,Hektary,231,h,50.1097,20.1756
2518,Benedyktowicza,304,b,50.0476,19.8892
2598,Wrony,540,w,49.9953,19.8524
2590,Drużbackiej,612,d,49.9822,19.9893
2591,Soboniowice Granica Miasta,615,s,49.9729,19.989
2546,Sołtysowska Osiedle,175,s,50.0644,20.0196
2633,Belwederczyków,434,b,50.106,19.9647
2558,Stare Wiślisko,184,s,50.0593,20.0503
2577,Złocieniowa,713,z,50.0162,20.0509
2540,Os. Mistrzejowice Nowe,151,o,50.095,20.021
2555,Wadów Os. Kolejowe,207,w,50.097,20.1287
2554,Wadów Glinik,208,w,50.0928,20.1332
2563,Kolna,515,k,50.0241,19.8325
2552,Węgrzynowice Dół,272,w,50.1036,20.1495
2551,Barwna,279,b,50.0764,20.0833
2575,Obrońców Modlina,683,o,50.0207,19.974
2549,Cmentarz Grębałów Zachód,124,c,50.0918,20.0606
2617,Jordanowska,399,j,50.0948,19.9151
2559,Koszykarska,668,k,50.0526,19.9895
2621,Zesławice Ogródki Działkowe,129,z,50.1057,20.0497
2604,Łuczyńskiego,746,ł,50.0131,19.9134
2657,Dymarek,788,d,,
2660,Wola Bat. Ruskie,2608,w,,
2661,Wola Batorska  Żwirownia,2609,w,,
2662,Wola Batorska  Kościół,2610,w,,
2663,Wola Batorska  Cmentarz,2611,w,,
2664,Wola Batorska  Borek,2612,w,,
2646,Szymańskiego,220,s,50.0597,20.0267
462,Agencja Kraków Wschód,110,a,50.0878,20.0796
780,Ajka,2007,a,49.9711,19.8292
2473,Skawina Ajka,2007,s,49.9711,19.8292
117,Akacjowa,867,a,50.0815,19.9772
366,Aleja Pokoju,810,a,50.0588,19.9624
2536,Kordylewskiego,810,k,50.0588,19.9624
235,Aleksandrowice,2077,a,50.0812,19.764
1122,Aleksandry,764,a,50.0084,20.0182
403,Arka,164,a,50.0839,20.0301
86,Armii Krajowej ,351,a,50.0709,19.8984
647,Bacutil,693,b,50.0341,20.0422
221,Balice Autostrada,2072,b,50.0854,19.8082
892,Balice OSP,2291,b,50.0867,19.7912
2592,Żelazowskiego,708,ż,49.9885,20.0002
78,Batorego,828,b,50.0668,19.9291
981,Będkowice Borynia,2329,b,50.1759,19.7545
272,Bielańskie Skały,309,b,50.0441,19.8512
389,Bieńczyce,162,b,50.0901,20.0219
867,Bieńczycka,117,b,50.0759,20.0208
649,Bieżanów Bazy,695,b,50.0252,20.0382
665,Bieżanów Pomnik,666,b,50.0182,20.0334
34,Bociana,431,b,50.0939,19.9523
592,Bogucianka,518,b,50.0101,19.8121
207,Bolechowice II,2112,b,50.1421,19.7969
1118,Borek Szlachecki I,2414,b,49.9655,19.7765
451,Brama nr 4,213,b,50.0649,20.075
2652,Branice Ośrodek Zdrowia,261,b,50.0583,20.1292
513,Branice Na Dole,258,b,50.0647,20.1414
135,Bronowice Małe,360,b,50.0818,19.882
2524,Lindego,363,l,50.0808,19.8709
765,Brücknera,538,b,50.0122,19.8759
639,Brzegi I,2202,b,50.0333,20.094
1016,Brzezie Działki,2267,b,50.1166,19.8291
1048,Brzezie Kulka,2263,b,50.1249,19.8148
239,Brzoskwinia Sklep,2087,b,50.0955,19.7183
883,Buków Szkoła,2288,b,49.9464,19.8466
410,Centralna I,173,c,50.0669,20.0121
2650,Truskawkowa,264,t,50.0477,20.1282
152,Chełmska,335,c,50.0639,19.8412
253,Cholerzyn Sklep,2058,c,50.0592,19.7689
87,Cichy Kącik,347,c,50.0627,19.9033
2531,Cmentarz Rakowicki Zachód,840,c,50.076,19.9471
448,Cmentarz Grębałów,887,c,50.0911,20.0702
679,Ćwiklińskiej,657,ć,50.0154,20.0188
920,Czerwiakowskiego,884,c,50.0083,20.01
246,Czułów II,2065,c,50.0597,19.7034
370,Dąbie,814,d,50.0608,19.9793
31,Dożynkowa,426,d,50.1025,19.9461
843,Droga do Janowic,2240,d,49.9322,19.9939
2656,Nadbrzezie,290,n,50.07,20.1017
528,Droga do Pleszowa,262,d,50.0549,20.1254
2651,Chałupki Górne,262,c,50.0549,20.1254
192,Droga do Rząski,2093,d,50.102,19.8614
914,Drożdżownia PKP I,749,d,50.0105,20.0325
1060,Dworzec Główny Wschód,461,d,50.0685,19.9493
2655,Oczyszczalnia Ścieków  Kujawy ,284,o,50.0522,20.1017
2625,Aleja Waszyngtona,318,a,50.0533,19.8976
374,Elektrociepłownia Kraków,113,e,50.0567,20.001
673,Fabryka Drożdży,719,f,50.0125,20.0417
754,Forteczna,547,f,50.0009,19.9065
1172,Giebułtów,2123,g,50.1416,19.8842
276,Glinnik,305,g,50.0468,19.8829
52,Glogera,421,g,50.1043,19.9264
2618,Glogera Granica Miasta,439,g,50.1025,19.9275
1091,Gołuchowice Jurczyce,2397,g,49.9437,19.7782
831,Górnickiego,447,g,50.0947,19.9398
701,Grabówki,616,g,49.9738,20.0005
444,Grębałów Skrzyżowanie,127,g,50.104,20.0722
363,Hala Targowa,808,h,50.0587,19.9489
931,Herberta,580,h,50.0102,19.9439
38,Imbramowska,422,i,50.0879,19.9478
184,Trojanowice,2129,t,50.1393,19.899
307,Jeziorzany I,2033,j,49.9931,19.7767
742,Jugowicka,581,j,50.0075,19.9305
445,Kantorowice,128,k,50.1041,20.062
717,Karpińskiego,626,k,50.0164,19.9633
2562,Tyniecka Autostrada,725,t,50.0218,19.8274
82,Kawiory,349,k,50.0682,19.9144
945,Kenara,728,k,49.982,19.96
429,Klasztorna,189,k,50.0685,20.0519
1026,Kobylany I,2343,k,50.1481,19.753
1065,Kobylany Remiza,2371,k,50.1486,19.7582
873,Kocmyrzów I,2310,k,50.1301,20.1303
459,Kombinat,107,k,50.079,20.0658
326,Konopnickiej,500,k,50.0529,19.9293
705,Kosocice II,707,k,49.9935,19.9958
2585,Kosocicka,639,k,50.0045,20.0112
606,Kostrze I,511,k,50.0316,19.865
724,Krakówka,600,k,49.9785,19.9322
168,Krasieniec,2159,k,50.2074,19.9377
934,Krasieniec Zakupny,2010,k,50.2113,19.9497
803,Kraśnik,2226,k,49.9639,19.935
49,Krowodrza II,386,k,50.0888,19.9234
1099,Krzęcin Szkoła,2403,k,49.9438,19.7395
309,Księcia Józefa,303,k,50.0481,19.8972
544,Kujawy,269,k,50.0482,20.1003
2607,Słomczyńskiego,448,s,50.0983,19.9581
924,Kuźnicy Kołłątajowskiej II,449,k,50.096,19.9482
776,Libertów Działy,570,l,49.9721,19.8913
569,Limanowskiego,641,l,50.0451,19.9545
288,Liszki II,2023,l,50.0346,19.7736
59,Łokietka,385,ł,50.0859,19.923
471,Lubocza Trafo,199,l,50.0943,20.1002
2627,Bystronia,205,b,50.1098,20.1147
482,Łuczanowice Skrzyżowanie,204,ł,50.1115,20.1201
1120,Łuczyce Las,2385,ł,50.1591,20.092
722,Lusina Dolna,2224,l,49.9737,19.9335
1000,Lusina Pętla,2260,l,49.9613,19.9179
96,Majora,864,m,50.0883,19.9645
398,Makuszyńskiego,159,m,50.0893,20.0391
625,Malborska,621,m,50.0263,19.9736
2659,Skawina  Elektrownia,2407,s,49.9729,19.8027
2658,Skawina  Piłsudskiego,2408,s,49.9718,19.7981
2654,Rzepakowa Świetlica,253,r,50.0575,20.1586
2649,Zakępie,238,z,50.0679,20.1896
2648,Brzeska,278,b,50.0725,20.1897
2647,Wyciąska,243,w,50.0696,20.1623
2653,Ciekowiec,255,c,50.0504,20.1644
880,Malborska Szkoła,751,m,50.0222,19.9654
85,Miasteczko Studenckie AGH,350,m,50.0699,19.905
331,Michałowice,2150,m,50.1512,19.9838
1058,Michałowice Banasiówka,2364,m,50.1459,19.9678
332,Michałowice Komora,2149,m,50.1421,19.9704
905,Michałowice Koźlica,2303,m,50.1604,19.9895
2538,Miśnieńska,140,m,50.0945,20.0001
1,Młynka Pętla,2167,m,50.1119,19.6924
248,Mników Sklep,2063,m,50.0598,19.7219
983,Modlniczka I,2012,m,50.1151,19.8571
411,Montin,174,m,50.0642,20.0145
231,Morawica Mostek,2081,m,50.0827,19.7388
548,Na Załęczu I,177,n,50.0583,20.0165
620,Kamieńskiego,618,k,50.0289,19.9571
279,Nowa Wieś Kościół,2053,n,50.0273,19.6975
861,Ochojno Remiza,2296,o,49.9541,19.9737
18,Ojcowska,395,o,50.1009,19.8842
2534,Olszanica Ogródki Działkowe,343,o,50.0644,19.8186
102,Olszecka,865,o,50.0886,19.9695
760,Opatkowice Wiadukt,703,o,49.9947,19.9184
431,Orkana,283,o,50.0733,20.0502
111,Os.Dywizjonu 303,168,o,50.0846,20.0001
404,Os.Kościuszkowskie,172,o,50.0826,20.0166
428,Os.Wandy,190,o,50.0694,20.0487
377,Os.Złotego Wieku,141,o,50.0938,20.0045
963,Panieńskich Skał,454,p,50.0686,19.8641
491,Parowozownia,275,p,50.0936,20.1469
2553,Węgrzynowicka,275,w,50.0936,20.1469
15,Pasternik,392,p,50.098,19.8685
835,Petrażyckiego,734,p,49.9808,19.8737
687,Piaski Wielkie,631,p,50.0059,19.9828
270,Piekary,2021,p,50.0235,19.7957
350,Pielgrzymowice I,2174,p,50.151,20.0476
119,Pilotów,857,p,50.0784,19.9709
1038,Pisary Mleczarnia,2355,p,50.1247,19.7021
1360,Plac Wszystkich Świętych,821,p,50.0591,19.938
458,Pleszów,218,p,50.0729,20.1182
967,Skrzyżowanie do Podchruścia,2315,s,50.1142,19.8713
73,Politechnika,839,p,50.0707,19.9446
648,Półłanki,694,p,50.0281,20.0393
380,Popielidów,146,p,50.0994,20.0187
2626,Jana Kazimierza,155,j,50.095,20.0471
163,Port Lotniczy (Airport),2070,p,50.0714,19.7999
870,Prądnik Biały Zachód,756,p,50.0936,19.9228
100,Prądnik Czerwony,846,p,50.0965,19.9744
2586,Jerzmanowskiego,653,j,50.0107,20.0081
661,Prokocim Cmentarz,662,p,50.0221,20.0055
478,Prusy Szkoła,2184,p,50.1142,20.0856
671,Pruszyńskiego,722,p,50.0137,20.0489
354,Raciborowice,2182,r,50.1167,20.0324
1034,Radwanowice II,2351,r,50.1444,19.7082
797,Radziszów Leśniczówka,2256,r,49.9161,19.8185
695,Rajsko,610,r,49.9869,19.969
2589,Malinowskiego,532,m,49.9841,19.9836
408,Rondo Czyżyńskie,103,r,50.0734,20.0175
587,Rostworowskiego,527,r,50.0296,19.9129
1059,Rudawa PKP,2370,r,50.1199,19.7135
652,Rybitwy Rozjazd,690,r,50.0462,20.0442
579,Rynek Dębnicki,503,r,50.0518,19.9268
194,Rząska UR,2095,r,50.097,19.8461
859,Rzeszotary Górne,2216,r,49.9457,19.9729
842,Rzeszotary Zalesie,2239,r,49.9316,19.9812
257,Kryspinów Sanka,2036,k,50.0422,19.7878
615,Sanktuarium Bożego Miłosierdzia,560,s,50.0226,19.933
301,Ściejowice Granica,2028,ś,50.0113,19.7752
943,Sieborowice,2169,s,50.1596,20.0359
142,Sielanka,326,s,50.0653,19.8777
1133,Skawina 29 Listopada,2437,s,49.9729,19.8346
782,Skawina Cmentarz,2002,s,49.9746,19.8317
1135,Skawina Kopernika,2439,s,49.9686,19.8438
1134,Skawina Starostwo Powiatowe,2438,s,49.9719,19.8378
766,Skotniki,537,s,50.0068,19.8743
2634,Opatkowice Zadworze,750,o,49.985,19.9195
973,Biały Kościół,2321,b,50.1504,19.9855
116,Spadochroniarzy,868,s,50.0801,19.9811
796,Stare Sanatorium,2278,s,49.9095,19.8274
2477,Radziszów Stare Sanatorium,2278,r,49.9095,19.8274
558,Stoczniowców,669,s,50.049,19.982
141,Strzelnica,325,s,50.0633,19.885
2597,Bochenka,629,b,50.0099,19.9713
666,Sucharskiego,712,s,50.0182,20.0434
324,Św. Gertrudy,817,ś,50.0586,19.941
845,Świątniki Skrzyżowanie,2221,ś,49.9342,19.9671
535,Świetlica,253,ś,50.0575,20.1586
733,Swoszowice Pawilon,593,s,49.9942,19.9464
224,Szczyglice Most,2090,s,50.0877,19.8179
988,Tomaszowice I,2017,t,50.1353,19.8484
23,Tonie Skrzyżowanie,403,t,50.1127,19.8984
994,Trojadyn Skrzyżowanie,2122,t,50.1382,19.8697
714,Tuchowska,628,t,50.0128,19.9674
284,Kaszów Tyrałówka,2048,k,50.0396,19.7335
321,Uniwersytet Jagielloński,824,u,50.0602,19.9303
492,Wadów Działki,282,w,50.0928,20.1394
486,Wadowska,200,w,50.0964,20.1189
598,Wały Wiślane I,514,w,50.0275,19.8472
2564,Wały Wiślane,514,w,50.0275,19.8472
998,Krasnowolskiego,878,k,50.0854,20.0492
490,Węgrzynowice I,272,w,50.1036,20.1495
133,Wesele,358,w,50.0791,19.8972
348,Więcławice Stare,2173,w,50.1547,20.0278
1113,Wielkie Drogi PKP,2419,w,49.958,19.7108
866,Wiklinowa,289,w,50.0558,20.0248
1011,Skawina Wojska Polskiego,2333,s,49.9867,19.8143
629,Wola Duchacka,625,w,50.0206,19.96
1123,Wola Radziszowska Kapelanka,2430,w,49.9043,19.8254
536,Wolica Most,241,w,50.0521,20.2062
893,Wołowice Szkoła,2299,w,49.9937,19.7311
68,Wrocławska,371,w,50.0769,19.9271
852,Wrząsowice Górka,2281,w,49.9574,19.9463
2601,Krowodrza Urzędy Skarbowe,443,k,50.0846,19.9307
507,Wyciąże I,235,w,50.0779,20.1625
2645,Wyciąże Zachód,235,w,50.0779,20.1625
683,Wydział Farmaceutyczny UJ,681,w,50.0119,19.9931
291,Wyźrał,2042,w,50.016,19.719
1361,Wzgórza Krzesławickie I,124,w,50.0918,20.0606
442,Wzgórza Krzesławickie,125,w,50.0951,20.0648
961,Zabierzów Młyn,2189,z,50.1193,19.8014
202,Zabierzów I,2104,z,50.1157,19.7917
155,Zakamycze,338,z,50.0583,19.8291
7,Zakliki,437,z,50.0831,19.8499
527,Kąkolowa,263,k,50.0513,20.1276
839,Zatyka,287,z,50.0513,20.0147
210,Zelków Staw,2115,z,50.1596,19.796
343,Żerkowice Kolonia,2068,ż,50.1857,19.9438
1023,Zielona Mała,2339,z,50.132,19.7917
181,Zielonki UG,2125,z,50.1182,19.9221
829,Żywiecka I,746,ż,50.0131,19.9134
